team,opponent,home,form,injuries,weather,result
RR,CSK,"Sawai Mansingh Stadium, Jaipur",L L W W W,None,Clear,Win
CSK,RR,Away,W W L L W,None,Clear,Loss
RCB,DC,"M Chinnaswamy Stadium, Bangalore",W W W L W,None,Clear,Win
DC,RCB,Away,W L W W W,None,Clear,Loss
RCB,PBKS,Away,W W L L W,None,Clear,Win
PBKS,RCB,"IS Bindra Stadium, Mohali",W L L W W,None,Clear,Loss
RR,DC,Away,L L W W W,None,Clear,Win
DC,RR,"Arun Jaitley Stadium, Delhi",L W W W L,None,Clear,Loss
CSK,DC,"MA Chidambaram Stadium, Chennai",W W W W L,None,Clear,Loss
DC,CSK,Away,W W W W L,None,Clear,Win
RCB,CSK,Away,W L W W W,None,Drizzle,Win
CSK,RCB,"MA Chidambaram Stadium, Chennai",W W W L L,Star AllRounder Out,Drizzle,Loss
RR,CSK,"Sawai Mansingh Stadium, Jaipur",W W L L W,None,Clear,Win
CSK,RR,Away,L L W W W,Star AllRounder Out,Clear,Loss
DC,KKR,Away,W W W W L,Key Bowler Out,Humid,Loss
KKR,DC,"Eden Gardens, Kolkata",L W W W L,Key Bowler Out,Humid,Win
RR,MI,"Sawai Mansingh Stadium, Jaipur",L W W L W,Wicketkeeper Out,Clear,Win
MI,RR,Away,L W W W L,None,Clear,Loss
DC,MI,Away,W W W L L,2 Players Out,Clear,Win
MI,DC,"Wankhede Stadium, Mumbai",W W L L W,Key Bowler Out,Clear,Loss
MI,CSK,Away,L W L W W,None,Clear,Win
CSK,MI,"MA Chidambaram Stadium, Chennai",L L W W W,None,Clear,Loss
RR,DC,Away,W L L W W,None,Clear,Loss
DC,RR,"Arun Jaitley Stadium, Delhi",L W W W L,None,Clear,Win
RR,RCB,Away,L W W L W,Key Bowler Out,Partly Cloudy,Loss
RCB,RR,"M Chinnaswamy Stadium, Bangalore",L W L W W,None,Partly Cloudy,Win
CSK,MI,"MA Chidambaram Stadium, Chennai",L W W W L,None,Clear,Win
MI,CSK,Away,L W W W L,2 Players Out,Clear,Loss
DC,MI,Away,W W W L L,Wicketkeeper Out,Clear,Win
MI,DC,"Wankhede Stadium, Mumbai",L L W W W,Star AllRounder Out,Clear,Loss
RR,RCB,Away,W W W W L,None,Clear,Loss
RCB,RR,"M Chinnaswamy Stadium, Bangalore",W L W W W,Top Batsman Out,Clear,Win
CSK,RR,Away,W W W L L,Wicketkeeper Out,Clear,Loss
RR,CSK,"Sawai Mansingh Stadium, Jaipur",L W W W L,None,Clear,Win
MI,RR,"Wankhede Stadium, Mumbai",L W W W L,None,Clear,Win
RR,MI,Away,W W W W L,None,Clear,Loss
RCB,KKR,Away,W W W L W,None,Cloudy,Win
KKR,RCB,"Eden Gardens, Kolkata",W L W W W,Key Bowler Out,Cloudy,Loss
CSK,PBKS,"MA Chidambaram Stadium, Chennai",W L W W W,Star AllRounder Out,Partly Cloudy,Win
PBKS,CSK,Away,W L L W W,None,Partly Cloudy,Loss
RR,DC,"Sawai Mansingh Stadium, Jaipur",L L W W W,Star AllRounder Out,Clear,Win
DC,RR,Away,W W W L L,None,Clear,Loss
RCB,RR,"M Chinnaswamy Stadium, Bangalore",L L W W W,2 Players Out,Drizzle,Loss
RR,RCB,Away,L W L W W,2 Players Out,Drizzle,Win
RCB,DC,"M Chinnaswamy Stadium, Bangalore",W W L L W,None,Clear,Win
DC,RCB,Away,W W L L W,Key Bowler Out,Clear,Loss
RCB,PBKS,"M Chinnaswamy Stadium, Bangalore",W L W W W,None,Clear,Loss
PBKS,RCB,Away,W W W L W,None,Clear,Win
CSK,RCB,"MA Chidambaram Stadium, Chennai",L L W W W,None,Partly Cloudy,Loss
RCB,CSK,Away,W L L W W,Wicketkeeper Out,Partly Cloudy,Win
PBKS,DC,Away,W W L L W,None,Clear,Loss
DC,PBKS,"Arun Jaitley Stadium, Delhi",W L W W W,2 Players Out,Clear,Win
DC,MI,Away,W W W L W,None,Clear,Win
MI,DC,"Wankhede Stadium, Mumbai",W L W W W,Top Batsman Out,Clear,Loss
PBKS,MI,"IS Bindra Stadium, Mohali",W W W L L,None,Clear,Loss
MI,PBKS,Away,W L L W W,Top Batsman Out,Clear,Win
DC,PBKS,"Arun Jaitley Stadium, Delhi",W L L W W,None,Clear,Win
PBKS,DC,Away,W W W L L,None,Clear,Loss
MI,PBKS,"Wankhede Stadium, Mumbai",L W L W W,None,Clear,Win
PBKS,MI,Away,W L L W W,None,Clear,Loss
PBKS,DC,"IS Bindra Stadium, Mohali",L W L W W,None,Clear,Loss
DC,PBKS,Away,L L W W W,None,Clear,Win
DC,RR,Away,L W W W L,None,Clear,Win
RR,DC,"Sawai Mansingh Stadium, Jaipur",W W L L W,None,Clear,Loss
RR,KKR,"Sawai Mansingh Stadium, Jaipur",W W W L W,None,Clear,Win
KKR,RR,Away,L W W L W,Wicketkeeper Out,Clear,Loss
CSK,RCB,"MA Chidambaram Stadium, Chennai",L W W W L,None,Clear,Loss
RCB,CSK,Away,W L W W W,None,Clear,Win
CSK,RCB,"MA Chidambaram Stadium, Chennai",L W W L W,None,Clear,Loss
RCB,CSK,Away,L W W L W,None,Clear,Win
RR,RCB,Away,L L W W W,2 Players Out,Clear,Win
RCB,RR,"M Chinnaswamy Stadium, Bangalore",W W L L W,None,Clear,Loss
KKR,DC,"Eden Gardens, Kolkata",L L W W W,Key Bowler Out,Clear,Win
DC,KKR,Away,W L L W W,None,Clear,Loss
DC,RCB,"Arun Jaitley Stadium, Delhi",W L W W W,None,Clear,Win
RCB,DC,Away,W W W L L,Wicketkeeper Out,Clear,Loss
KKR,CSK,"Eden Gardens, Kolkata",W W W W L,None,Cloudy,Win
CSK,KKR,Away,L L W W W,None,Cloudy,Loss
RR,RCB,Away,W L W W W,None,Clear,Win
RCB,RR,"M Chinnaswamy Stadium, Bangalore",L W W W L,None,Clear,Loss
KKR,MI,"Eden Gardens, Kolkata",W W W W L,2 Players Out,Clear,Loss
MI,KKR,Away,W W L L W,2 Players Out,Clear,Win
KKR,CSK,"Eden Gardens, Kolkata",L W L W W,None,Clear,Win
CSK,KKR,Away,L L W W W,None,Clear,Loss
RR,KKR,"Sawai Mansingh Stadium, Jaipur",W L L W W,None,Clear,Win
KKR,RR,Away,W W W L L,Top Batsman Out,Clear,Loss
CSK,RR,"MA Chidambaram Stadium, Chennai",W W W L L,Star AllRounder Out,Partly Cloudy,Loss
RR,CSK,Away,W W W L W,Key Bowler Out,Partly Cloudy,Win
PBKS,CSK,Away,W W W W L,None,Humid,Win
CSK,PBKS,"MA Chidambaram Stadium, Chennai",W W W L W,Key Bowler Out,Humid,Loss
RR,CSK,Away,W W W L L,None,Partly Cloudy,Win
CSK,RR,"MA Chidambaram Stadium, Chennai",L W L W W,None,Partly Cloudy,Loss
MI,PBKS,"Wankhede Stadium, Mumbai",L W L W W,None,Clear,Loss
PBKS,MI,Away,W W W L W,None,Clear,Win
MI,RR,"Wankhede Stadium, Mumbai",L L W W W,None,Clear,Loss
RR,MI,Away,L W W W L,None,Clear,Win
MI,CSK,Away,W W L L W,Star AllRounder Out,Clear,Loss
CSK,MI,"MA Chidambaram Stadium, Chennai",W W L L W,None,Clear,Win
KKR,PBKS,"Eden Gardens, Kolkata",W W W L W,Top Batsman Out,Clear,Win
PBKS,KKR,Away,W W L L W,Key Bowler Out,Clear,Loss
MI,KKR,Away,W W W L L,2 Players Out,Clear,Win
KKR,MI,"Eden Gardens, Kolkata",L W L W W,Star AllRounder Out,Clear,Loss
CSK,KKR,"MA Chidambaram Stadium, Chennai",L W W L W,None,Clear,Loss
KKR,CSK,Away,L L W W W,None,Clear,Win
RR,KKR,Away,L W W L W,None,Humid,Loss
KKR,RR,"Eden Gardens, Kolkata",W W W L L,Top Batsman Out,Humid,Win
CSK,RR,Away,W W W L W,None,Humid,Loss
RR,CSK,"Sawai Mansingh Stadium, Jaipur",W W W L L,None,Humid,Win
DC,CSK,Away,L W W L W,2 Players Out,Clear,Loss
CSK,DC,"MA Chidambaram Stadium, Chennai",W W W W L,Star AllRounder Out,Clear,Win
RCB,KKR,Away,W W W W L,None,Partly Cloudy,Win
KKR,RCB,"Eden Gardens, Kolkata",L W L W W,None,Partly Cloudy,Loss
DC,RR,Away,L W W W L,None,Clear,Win
RR,DC,"Sawai Mansingh Stadium, Jaipur",L W W L W,None,Clear,Loss
KKR,MI,"Eden Gardens, Kolkata",L W L W W,None,Clear,Loss
MI,KKR,Away,L W W L W,2 Players Out,Clear,Win
DC,MI,"Arun Jaitley Stadium, Delhi",W W W L L,None,Clear,Win
MI,DC,Away,W L L W W,None,Clear,Loss
KKR,RCB,Away,W L W W W,2 Players Out,Clear,Win
RCB,KKR,"M Chinnaswamy Stadium, Bangalore",W W L L W,None,Clear,Loss
PBKS,CSK,"IS Bindra Stadium, Mohali",W W L L W,None,Clear,Loss
CSK,PBKS,Away,W L L W W,Star AllRounder Out,Clear,Win
DC,RR,"Arun Jaitley Stadium, Delhi",L W L W W,Top Batsman Out,Partly Cloudy,Win
RR,DC,Away,W L L W W,None,Partly Cloudy,Loss
MI,CSK,Away,W W L L W,None,Clear,Loss
CSK,MI,"MA Chidambaram Stadium, Chennai",L W W W L,None,Clear,Win
CSK,RCB,"MA Chidambaram Stadium, Chennai",W L W W W,None,Clear,Loss
RCB,CSK,Away,W L L W W,None,Clear,Win
MI,DC,Away,W W W L L,None,Hot & Dry,Loss
DC,MI,"Arun Jaitley Stadium, Delhi",W L L W W,None,Hot & Dry,Win
KKR,PBKS,Away,W W W L L,2 Players Out,Clear,Loss
PBKS,KKR,"IS Bindra Stadium, Mohali",W L L W W,None,Clear,Win
CSK,RR,Away,W W L L W,Key Bowler Out,Clear,Win
RR,CSK,"Sawai Mansingh Stadium, Jaipur",L L W W W,Key Bowler Out,Clear,Loss
PBKS,MI,Away,L W W W L,None,Clear,Loss
MI,PBKS,"Wankhede Stadium, Mumbai",W W L L W,Top Batsman Out,Clear,Win
RCB,DC,Away,W W W L W,Star AllRounder Out,Clear,Win
DC,RCB,"Arun Jaitley Stadium, Delhi",W W L L W,Top Batsman Out,Clear,Loss
MI,RCB,Away,W L L W W,Key Bowler Out,Clear,Loss
RCB,MI,"M Chinnaswamy Stadium, Bangalore",W W W L W,None,Clear,Win
RCB,RR,"M Chinnaswamy Stadium, Bangalore",W L L W W,None,Hot & Dry,Win
RR,RCB,Away,W W L L W,Top Batsman Out,Hot & Dry,Loss
DC,KKR,Away,L W W W L,None,Clear,Loss
KKR,DC,"Eden Gardens, Kolkata",W L L W W,None,Clear,Win
RCB,MI,"M Chinnaswamy Stadium, Bangalore",W L W W W,None,Clear,Win
MI,RCB,Away,L W L W W,Star AllRounder Out,Clear,Loss
CSK,KKR,Away,W W W W L,None,Clear,Loss
KKR,CSK,"Eden Gardens, Kolkata",W W L L W,Key Bowler Out,Clear,Win
KKR,DC,Away,W L W W W,None,Clear,Loss
DC,KKR,"Arun Jaitley Stadium, Delhi",W L L W W,None,Clear,Win
PBKS,RR,"IS Bindra Stadium, Mohali",W W W L W,None,Clear,Win
RR,PBKS,Away,W W W L W,None,Clear,Loss
PBKS,MI,Away,W L W W W,None,Clear,Loss
MI,PBKS,"Wankhede Stadium, Mumbai",L W W L W,None,Clear,Win
PBKS,RCB,"IS Bindra Stadium, Mohali",L W W W L,None,Clear,Loss
RCB,PBKS,Away,L L W W W,None,Clear,Win
RCB,RR,Away,L W L W W,None,Clear,Win
RR,RCB,"Sawai Mansingh Stadium, Jaipur",W W L L W,None,Clear,Loss
RR,KKR,"Sawai Mansingh Stadium, Jaipur",L W W L W,Key Bowler Out,Clear,Loss
KKR,RR,Away,W W W L W,Wicketkeeper Out,Clear,Win
CSK,RCB,Away,W W W L W,Star AllRounder Out,Clear,Loss
RCB,CSK,"M Chinnaswamy Stadium, Bangalore",L W L W W,None,Clear,Win
KKR,RR,Away,L W W W L,None,Clear,Loss
RR,KKR,"Sawai Mansingh Stadium, Jaipur",L W L W W,None,Clear,Win
RCB,MI,Away,W L L W W,Star AllRounder Out,Clear,Loss
MI,RCB,"Wankhede Stadium, Mumbai",L W L W W,None,Clear,Win
MI,PBKS,"Wankhede Stadium, Mumbai",L L W W W,None,Clear,Loss
PBKS,MI,Away,W L L W W,None,Clear,Win
KKR,CSK,Away,W W W W L,None,Drizzle,Loss
CSK,KKR,"MA Chidambaram Stadium, Chennai",L W W W L,None,Drizzle,Win
KKR,MI,Away,W W W L L,Wicketkeeper Out,Clear,Win
MI,KKR,"Wankhede Stadium, Mumbai",W W W L W,None,Clear,Loss
RR,DC,Away,W W W L L,None,Hot & Dry,Loss
DC,RR,"Arun Jaitley Stadium, Delhi",W W L L W,None,Hot & Dry,Win
MI,CSK,"Wankhede Stadium, Mumbai",L L W W W,Top Batsman Out,Clear,Loss
CSK,MI,Away,W W L L W,None,Clear,Win
RR,RCB,Away,W L L W W,Wicketkeeper Out,Clear,Loss
RCB,RR,"M Chinnaswamy Stadium, Bangalore",W W W L L,Key Bowler Out,Clear,Win
KKR,RR,Away,L L W W W,None,Clear,Win
RR,KKR,"Sawai Mansingh Stadium, Jaipur",L L W W W,None,Clear,Loss
KKR,CSK,"Eden Gardens, Kolkata",W W L L W,None,Clear,Loss
CSK,KKR,Away,W W L L W,None,Clear,Win
CSK,PBKS,Away,W W L L W,None,Clear,Win
PBKS,CSK,"IS Bindra Stadium, Mohali",W W W W L,None,Clear,Loss
KKR,CSK,"Eden Gardens, Kolkata",W W W L L,None,Hot & Dry,Win
CSK,KKR,Away,L L W W W,None,Hot & Dry,Loss
MI,CSK,Away,W L L W W,None,Clear,Win
CSK,MI,"MA Chidambaram Stadium, Chennai",W L L W W,Key Bowler Out,Clear,Loss
KKR,DC,"Eden Gardens, Kolkata",W L W W W,None,Clear,Win
DC,KKR,Away,L W L W W,None,Clear,Loss
PBKS,RCB,Away,W L W W W,None,Clear,Win
RCB,PBKS,"M Chinnaswamy Stadium, Bangalore",W W L L W,Wicketkeeper Out,Clear,Loss
MI,RCB,Away,W L L W W,None,Clear,Loss
RCB,MI,"M Chinnaswamy Stadium, Bangalore",W L L W W,Star AllRounder Out,Clear,Win
RCB,MI,"M Chinnaswamy Stadium, Bangalore",L W W L W,None,Humid,Loss
MI,RCB,Away,W L W W W,None,Humid,Win
RR,CSK,"Sawai Mansingh Stadium, Jaipur",W W L L W,Wicketkeeper Out,Clear,Win
CSK,RR,Away,L W W W L,None,Clear,Loss
DC,MI,Away,L L W W W,None,Cloudy,Loss
MI,DC,"Wankhede Stadium, Mumbai",W W W L W,None,Cloudy,Win
CSK,RR,"MA Chidambaram Stadium, Chennai",L L W W W,2 Players Out,Humid,Loss
RR,CSK,Away,L W W L W,None,Humid,Win
CSK,RCB,"MA Chidambaram Stadium, Chennai",L W W W L,Star AllRounder Out,Clear,Win
RCB,CSK,Away,L L W W W,None,Clear,Loss
PBKS,KKR,Away,W L L W W,None,Cloudy,Loss
KKR,PBKS,"Eden Gardens, Kolkata",W L W W W,None,Cloudy,Win
KKR,RCB,Away,W L L W W,None,Clear,Loss
RCB,KKR,"M Chinnaswamy Stadium, Bangalore",W L W W W,None,Clear,Win
RCB,KKR,"M Chinnaswamy Stadium, Bangalore",W L W W W,2 Players Out,Clear,Loss
KKR,RCB,Away,W W L L W,Star AllRounder Out,Clear,Win
RCB,CSK,"M Chinnaswamy Stadium, Bangalore",W L L W W,2 Players Out,Clear,Win
CSK,RCB,Away,W W W L L,None,Clear,Loss
RCB,DC,Away,W L W W W,Key Bowler Out,Clear,Loss
DC,RCB,"Arun Jaitley Stadium, Delhi",W L L W W,Top Batsman Out,Clear,Win
RR,CSK,"Sawai Mansingh Stadium, Jaipur",W W W W L,None,Cloudy,Loss
CSK,RR,Away,L W L W W,None,Cloudy,Win
MI,RCB,"Wankhede Stadium, Mumbai",W L L W W,Key Bowler Out,Clear,Win
RCB,MI,Away,W L W W W,None,Clear,Loss
MI,DC,"Wankhede Stadium, Mumbai",W W W L L,Top Batsman Out,Humid,Loss
DC,MI,Away,W L L W W,None,Humid,Win
RCB,DC,Away,W W W L W,None,Partly Cloudy,Loss
DC,RCB,"Arun Jaitley Stadium, Delhi",W W L L W,Wicketkeeper Out,Partly Cloudy,Win
DC,RR,Away,W L W W W,2 Players Out,Clear,Win
RR,DC,"Sawai Mansingh Stadium, Jaipur",W W W L W,None,Clear,Loss
KKR,RCB,"Eden Gardens, Kolkata",W W W L L,None,Clear,Loss
RCB,KKR,Away,L W L W W,None,Clear,Win
CSK,RR,"MA Chidambaram Stadium, Chennai",W L L W W,Wicketkeeper Out,Clear,Loss
RR,CSK,Away,L L W W W,None,Clear,Win
MI,DC,Away,W W L L W,Wicketkeeper Out,Clear,Win
DC,MI,"Arun Jaitley Stadium, Delhi",W L L W W,None,Clear,Loss
RCB,MI,"M Chinnaswamy Stadium, Bangalore",W L W W W,None,Clear,Loss
MI,RCB,Away,L L W W W,None,Clear,Win
MI,RCB,Away,W W W L W,None,Hot & Dry,Win
RCB,MI,"M Chinnaswamy Stadium, Bangalore",L L W W W,None,Hot & Dry,Loss
DC,RCB,Away,W W W W L,Wicketkeeper Out,Clear,Loss
RCB,DC,"M Chinnaswamy Stadium, Bangalore",W W W W L,None,Clear,Win
KKR,PBKS,"Eden Gardens, Kolkata",L W W L W,None,Clear,Win
PBKS,KKR,Away,L W L W W,Star AllRounder Out,Clear,Loss
KKR,RR,Away,L W L W W,2 Players Out,Partly Cloudy,Loss
RR,KKR,"Sawai Mansingh Stadium, Jaipur",L W L W W,None,Partly Cloudy,Win
CSK,PBKS,Away,W L W W W,None,Clear,Win
PBKS,CSK,"IS Bindra Stadium, Mohali",W L L W W,Wicketkeeper Out,Clear,Loss
RR,PBKS,Away,L W W W L,None,Clear,Loss
PBKS,RR,"IS Bindra Stadium, Mohali",W L W W W,None,Clear,Win
RCB,RR,Away,W L W W W,Star AllRounder Out,Clear,Loss
RR,RCB,"Sawai Mansingh Stadium, Jaipur",W W W W L,2 Players Out,Clear,Win
RR,MI,Away,W W W L L,None,Clear,Loss
MI,RR,"Wankhede Stadium, Mumbai",W W W L W,None,Clear,Win
PBKS,RR,"IS Bindra Stadium, Mohali",L W L W W,None,Clear,Loss
RR,PBKS,Away,W L W W W,2 Players Out,Clear,Win
PBKS,RR,Away,W W W L W,Key Bowler Out,Clear,Loss
RR,PBKS,"Sawai Mansingh Stadium, Jaipur",W W W L W,None,Clear,Win
KKR,MI,Away,L W W W L,Wicketkeeper Out,Clear,Win
MI,KKR,"Wankhede Stadium, Mumbai",W W L L W,Top Batsman Out,Clear,Loss
PBKS,CSK,Away,L W W L W,None,Partly Cloudy,Win
CSK,PBKS,"MA Chidambaram Stadium, Chennai",W W L L W,None,Partly Cloudy,Loss
DC,RR,Away,W L L W W,2 Players Out,Clear,Loss
RR,DC,"Sawai Mansingh Stadium, Jaipur",L L W W W,None,Clear,Win
RR,RCB,"Sawai Mansingh Stadium, Jaipur",W L W W W,Key Bowler Out,Cloudy,Loss
RCB,RR,Away,W L L W W,None,Cloudy,Win
RR,KKR,Away,L L W W W,Top Batsman Out,Hot & Dry,Win
KKR,RR,"Eden Gardens, Kolkata",W W L L W,Star AllRounder Out,Hot & Dry,Loss
PBKS,DC,Away,L W W L W,None,Clear,Loss
DC,PBKS,"Arun Jaitley Stadium, Delhi",L L W W W,None,Clear,Win
KKR,CSK,"Eden Gardens, Kolkata",L W W L W,Star AllRounder Out,Cloudy,Win
CSK,KKR,Away,W L L W W,None,Cloudy,Loss
RCB,KKR,"M Chinnaswamy Stadium, Bangalore",W W L L W,None,Partly Cloudy,Win
KKR,RCB,Away,L W W L W,2 Players Out,Partly Cloudy,Loss
RR,MI,"Sawai Mansingh Stadium, Jaipur",L L W W W,None,Drizzle,Win
MI,RR,Away,W L L W W,None,Drizzle,Loss
CSK,KKR,Away,L W L W W,None,Drizzle,Loss
KKR,CSK,"Eden Gardens, Kolkata",L W W W L,None,Drizzle,Win
MI,PBKS,Away,W L L W W,None,Clear,Win
PBKS,MI,"IS Bindra Stadium, Mohali",L L W W W,Star AllRounder Out,Clear,Loss
DC,CSK,"Arun Jaitley Stadium, Delhi",W W L L W,Star AllRounder Out,Drizzle,Win
CSK,DC,Away,L W L W W,None,Drizzle,Loss
MI,DC,"Wankhede Stadium, Mumbai",L L W W W,None,Drizzle,Loss
DC,MI,Away,W W W L L,None,Drizzle,Win
RCB,DC,Away,W L W W W,None,Clear,Win
DC,RCB,"Arun Jaitley Stadium, Delhi",W W L L W,None,Clear,Loss
RR,CSK,Away,L L W W W,None,Clear,Win
CSK,RR,"MA Chidambaram Stadium, Chennai",L W L W W,None,Clear,Loss
KKR,DC,"Eden Gardens, Kolkata",W L W W W,None,Partly Cloudy,Loss
DC,KKR,Away,W W L L W,Wicketkeeper Out,Partly Cloudy,Win
DC,KKR,Away,L W W L W,None,Clear,Loss
KKR,DC,"Eden Gardens, Kolkata",L W W W L,Top Batsman Out,Clear,Win
RCB,DC,Away,W W W L W,None,Clear,Win
DC,RCB,"Arun Jaitley Stadium, Delhi",W W W W L,None,Clear,Loss
MI,KKR,"Wankhede Stadium, Mumbai",W W W W L,None,Drizzle,Win
KKR,MI,Away,W W W L L,2 Players Out,Drizzle,Loss
DC,KKR,"Arun Jaitley Stadium, Delhi",W L W W W,None,Humid,Win
KKR,DC,Away,W L L W W,2 Players Out,Humid,Loss
CSK,KKR,"MA Chidambaram Stadium, Chennai",L W W W L,None,Humid,Win
KKR,CSK,Away,L W W L W,None,Humid,Loss
MI,PBKS,Away,L W W W L,None,Partly Cloudy,Win
PBKS,MI,"IS Bindra Stadium, Mohali",L W W L W,None,Partly Cloudy,Loss
RCB,KKR,"M Chinnaswamy Stadium, Bangalore",W L W W W,None,Drizzle,Win
KKR,RCB,Away,W W W L W,None,Drizzle,Loss
RCB,KKR,"M Chinnaswamy Stadium, Bangalore",L W W W L,None,Clear,Win
KKR,RCB,Away,L L W W W,None,Clear,Loss
RR,CSK,Away,W L L W W,Wicketkeeper Out,Clear,Loss
CSK,RR,"MA Chidambaram Stadium, Chennai",W W W W L,None,Clear,Win
RCB,PBKS,"M Chinnaswamy Stadium, Bangalore",W W W L L,None,Clear,Win
PBKS,RCB,Away,L L W W W,2 Players Out,Clear,Loss
DC,MI,Away,W L W W W,None,Clear,Win
MI,DC,"Wankhede Stadium, Mumbai",W L L W W,None,Clear,Loss
CSK,KKR,"MA Chidambaram Stadium, Chennai",W L W W W,None,Clear,Loss
KKR,CSK,Away,L W W W L,None,Clear,Win
RCB,MI,Away,W L L W W,None,Clear,Win
MI,RCB,"Wankhede Stadium, Mumbai",W W W L L,Top Batsman Out,Clear,Loss
MI,RR,"Wankhede Stadium, Mumbai",L W L W W,None,Clear,Loss
RR,MI,Away,W L L W W,None,Clear,Win
MI,DC,Away,L W L W W,Key Bowler Out,Clear,Loss
DC,MI,"Arun Jaitley Stadium, Delhi",W L W W W,Top Batsman Out,Clear,Win
KKR,PBKS,Away,W L W W W,Star AllRounder Out,Clear,Loss
PBKS,KKR,"IS Bindra Stadium, Mohali",W L W W W,None,Clear,Win
CSK,RR,Away,L W W W L,None,Clear,Win
RR,CSK,"Sawai Mansingh Stadium, Jaipur",W W W L L,None,Clear,Loss
DC,KKR,Away,W W W L W,None,Drizzle,Win
KKR,DC,"Eden Gardens, Kolkata",L L W W W,None,Drizzle,Loss
RCB,MI,"M Chinnaswamy Stadium, Bangalore",L W W W L,None,Clear,Loss
MI,RCB,Away,W L L W W,Star AllRounder Out,Clear,Win
MI,RCB,Away,W L W W W,None,Clear,Win
RCB,MI,"M Chinnaswamy Stadium, Bangalore",L L W W W,None,Clear,Loss
RCB,RR,Away,W W W L W,None,Cloudy,Loss
RR,RCB,"Sawai Mansingh Stadium, Jaipur",L W W W L,None,Cloudy,Win
KKR,CSK,"Eden Gardens, Kolkata",L W W W L,2 Players Out,Clear,Win
CSK,KKR,Away,L W W L W,Top Batsman Out,Clear,Loss
RR,MI,"Sawai Mansingh Stadium, Jaipur",W L W W W,None,Clear,Loss
MI,RR,Away,W W W L L,Top Batsman Out,Clear,Win
KKR,PBKS,Away,L L W W W,None,Clear,Win
PBKS,KKR,"IS Bindra Stadium, Mohali",W W W W L,None,Clear,Loss
PBKS,MI,"IS Bindra Stadium, Mohali",W L W W W,None,Clear,Loss
MI,PBKS,Away,L L W W W,2 Players Out,Clear,Win
RCB,DC,Away,L L W W W,None,Clear,Loss
DC,RCB,"Arun Jaitley Stadium, Delhi",W W L L W,Wicketkeeper Out,Clear,Win
DC,CSK,Away,L W W L W,Wicketkeeper Out,Cloudy,Win
CSK,DC,"MA Chidambaram Stadium, Chennai",W L L W W,2 Players Out,Cloudy,Loss
PBKS,DC,"IS Bindra Stadium, Mohali",W W W L W,None,Partly Cloudy,Loss
DC,PBKS,Away,W W L L W,None,Partly Cloudy,Win
KKR,MI,"Eden Gardens, Kolkata",W W W L W,None,Clear,Win
MI,KKR,Away,W L L W W,Top Batsman Out,Clear,Loss
DC,RCB,"Arun Jaitley Stadium, Delhi",W W W L L,Star AllRounder Out,Drizzle,Win
RCB,DC,Away,W W W L L,2 Players Out,Drizzle,Loss
DC,RR,"Arun Jaitley Stadium, Delhi",L W L W W,None,Clear,Loss
RR,DC,Away,W W W L W,None,Clear,Win
RCB,DC,Away,L W L W W,None,Clear,Loss
DC,RCB,"Arun Jaitley Stadium, Delhi",L L W W W,Top Batsman Out,Clear,Win
PBKS,RCB,Away,W W W W L,Top Batsman Out,Clear,Win
RCB,PBKS,"M Chinnaswamy Stadium, Bangalore",W L W W W,Star AllRounder Out,Clear,Loss
DC,RCB,Away,W W W L L,Top Batsman Out,Cloudy,Loss
RCB,DC,"M Chinnaswamy Stadium, Bangalore",W L W W W,Star AllRounder Out,Cloudy,Win
PBKS,KKR,"IS Bindra Stadium, Mohali",W L W W W,2 Players Out,Clear,Win
KKR,PBKS,Away,W W W L L,None,Clear,Loss
MI,KKR,Away,L W W W L,None,Clear,Win
KKR,MI,"Eden Gardens, Kolkata",W W L L W,None,Clear,Loss
PBKS,RCB,"IS Bindra Stadium, Mohali",W L W W W,None,Hot & Dry,Loss
RCB,PBKS,Away,L W W W L,2 Players Out,Hot & Dry,Win
MI,RCB,Away,L W W L W,Key Bowler Out,Clear,Win
RCB,MI,"M Chinnaswamy Stadium, Bangalore",L W W L W,Star AllRounder Out,Clear,Loss
MI,CSK,Away,W L L W W,None,Clear,Loss
CSK,MI,"MA Chidambaram Stadium, Chennai",L L W W W,None,Clear,Win
PBKS,KKR,Away,W L L W W,None,Cloudy,Win
KKR,PBKS,"Eden Gardens, Kolkata",W W W L W,Key Bowler Out,Cloudy,Loss
PBKS,SRH,Away,W L L W W,Wicketkeeper Out,Clear,Loss
SRH,PBKS,"Rajiv Gandhi Intl Stadium, Hyderabad",L W W L W,None,Clear,Win
DC,KKR,Away,W W W L L,None,Clear,Loss
KKR,DC,"Eden Gardens, Kolkata",L W W W L,None,Clear,Win
PBKS,SRH,"IS Bindra Stadium, Mohali",W W W L W,None,Clear,Win
SRH,PBKS,Away,W W L L W,None,Clear,Loss
RCB,KKR,Away,L W L W W,None,Clear,Loss
KKR,RCB,"Eden Gardens, Kolkata",L W L W W,Key Bowler Out,Clear,Win
PBKS,KKR,"IS Bindra Stadium, Mohali",W W W L L,None,Partly Cloudy,Loss
KKR,PBKS,Away,L W L W W,None,Partly Cloudy,Win
PBKS,SRH,"IS Bindra Stadium, Mohali",W W W W L,2 Players Out,Clear,Win
SRH,PBKS,Away,L L W W W,None,Clear,Loss
PBKS,KKR,Away,W W W W L,2 Players Out,Clear,Win
KKR,PBKS,"Eden Gardens, Kolkata",L W W W L,None,Clear,Loss
RR,SRH,Away,W W W L W,None,Humid,Loss
SRH,RR,"Rajiv Gandhi Intl Stadium, Hyderabad",W W W W L,None,Humid,Win
MI,PBKS,"Wankhede Stadium, Mumbai",L W W W L,None,Clear,Win
PBKS,MI,Away,L W W W L,None,Clear,Loss
RCB,RR,"M Chinnaswamy Stadium, Bangalore",L W W L W,None,Clear,Win
RR,RCB,Away,L W L W W,None,Clear,Loss
MI,CSK,Away,W W W W L,None,Cloudy,Loss
CSK,MI,"MA Chidambaram Stadium, Chennai",W W L L W,None,Cloudy,Win
DC,SRH,"Arun Jaitley Stadium, Delhi",L L W W W,None,Humid,Loss
SRH,DC,Away,W L L W W,Star AllRounder Out,Humid,Win
MI,DC,Away,L W L W W,Wicketkeeper Out,Clear,Win
DC,MI,"Arun Jaitley Stadium, Delhi",W W W L L,Top Batsman Out,Clear,Loss
KKR,RR,Away,W W W L W,Star AllRounder Out,Clear,Win
RR,KKR,"Sawai Mansingh Stadium, Jaipur",W L L W W,Key Bowler Out,Clear,Loss
SRH,CSK,"Rajiv Gandhi Intl Stadium, Hyderabad",L L W W W,None,Partly Cloudy,Loss
CSK,SRH,Away,W L L W W,Wicketkeeper Out,Partly Cloudy,Win
PBKS,MI,Away,W W W W L,Top Batsman Out,Clear,Loss
MI,PBKS,"Wankhede Stadium, Mumbai",W W W L W,None,Clear,Win
DC,MI,"Arun Jaitley Stadium, Delhi",W W W W L,None,Clear,Loss
MI,DC,Away,W W L L W,Key Bowler Out,Clear,Win
KKR,PBKS,"Eden Gardens, Kolkata",L L W W W,None,Partly Cloudy,Loss
PBKS,KKR,Away,W L L W W,Star AllRounder Out,Partly Cloudy,Win
MI,SRH,"Wankhede Stadium, Mumbai",W L W W W,None,Partly Cloudy,Loss
SRH,MI,Away,W W W L W,None,Partly Cloudy,Win
PBKS,RR,Away,W W L L W,None,Clear,Loss
RR,PBKS,"Sawai Mansingh Stadium, Jaipur",L L W W W,None,Clear,Win
MI,CSK,"Wankhede Stadium, Mumbai",W L L W W,Wicketkeeper Out,Clear,Win
CSK,MI,Away,L W W L W,None,Clear,Loss
KKR,MI,Away,W W W L W,Key Bowler Out,Clear,Win
MI,KKR,"Wankhede Stadium, Mumbai",L W W L W,None,Clear,Loss
PBKS,SRH,Away,W L W W W,Wicketkeeper Out,Clear,Win
SRH,PBKS,"Rajiv Gandhi Intl Stadium, Hyderabad",W W W L L,Wicketkeeper Out,Clear,Loss
RR,MI,Away,W W W L W,Key Bowler Out,Clear,Loss
MI,RR,"Wankhede Stadium, Mumbai",L W L W W,None,Clear,Win
PBKS,KKR,"IS Bindra Stadium, Mohali",W L W W W,None,Clear,Win
KKR,PBKS,Away,L W W L W,None,Clear,Loss
CSK,KKR,Away,L W W W L,None,Clear,Win
KKR,CSK,"Eden Gardens, Kolkata",W L L W W,None,Clear,Loss
PBKS,RCB,Away,W W W L W,None,Humid,Win
RCB,PBKS,"M Chinnaswamy Stadium, Bangalore",L L W W W,None,Humid,Loss
RCB,KKR,Away,W W W L L,None,Humid,Loss
KKR,RCB,"Eden Gardens, Kolkata",W L L W W,None,Humid,Win
RCB,RR,"M Chinnaswamy Stadium, Bangalore",W W W W L,None,Drizzle,Loss
RR,RCB,Away,L L W W W,None,Drizzle,Win
RR,RCB,Away,L W L W W,None,Hot & Dry,Loss
RCB,RR,"M Chinnaswamy Stadium, Bangalore",W W W W L,None,Hot & Dry,Win
SRH,RR,"Rajiv Gandhi Intl Stadium, Hyderabad",L W L W W,Top Batsman Out,Clear,Loss
RR,SRH,Away,W L W W W,None,Clear,Win
RCB,CSK,"M Chinnaswamy Stadium, Bangalore",W W W W L,None,Clear,Win
CSK,RCB,Away,L L W W W,None,Clear,Loss
MI,KKR,Away,W W W L W,None,Clear,Win
KKR,MI,"Eden Gardens, Kolkata",W W W W L,Top Batsman Out,Clear,Loss
PBKS,RCB,Away,W W W W L,None,Clear,Win
RCB,PBKS,"M Chinnaswamy Stadium, Bangalore",W W W L L,None,Clear,Loss
KKR,RR,Away,W W W L W,None,Drizzle,Loss
RR,KKR,"Sawai Mansingh Stadium, Jaipur",L W W W L,None,Drizzle,Win
RR,SRH,"Sawai Mansingh Stadium, Jaipur",L W W L W,2 Players Out,Drizzle,Loss
SRH,RR,Away,L W W W L,None,Drizzle,Win
MI,RR,"Wankhede Stadium, Mumbai",L W W L W,Wicketkeeper Out,Clear,Loss
RR,MI,Away,L W W W L,Key Bowler Out,Clear,Win
SRH,PBKS,"Rajiv Gandhi Intl Stadium, Hyderabad",W W W L W,None,Clear,Win
PBKS,SRH,Away,L W W W L,Wicketkeeper Out,Clear,Loss
SRH,RR,Away,W L L W W,None,Hot & Dry,Win
RR,SRH,"Sawai Mansingh Stadium, Jaipur",W W L L W,None,Hot & Dry,Loss
PBKS,MI,"IS Bindra Stadium, Mohali",W L L W W,None,Clear,Win
MI,PBKS,Away,L W W W L,None,Clear,Loss
RCB,MI,Away,W L W W W,Wicketkeeper Out,Cloudy,Win
MI,RCB,"Wankhede Stadium, Mumbai",W W W L L,None,Cloudy,Loss
KKR,RR,Away,W W W L L,None,Partly Cloudy,Win
RR,KKR,"Sawai Mansingh Stadium, Jaipur",W W L L W,None,Partly Cloudy,Loss
MI,CSK,Away,W W W L L,Key Bowler Out,Partly Cloudy,Win
CSK,MI,"MA Chidambaram Stadium, Chennai",L W W L W,None,Partly Cloudy,Loss
PBKS,KKR,Away,W L L W W,Top Batsman Out,Clear,Win
KKR,PBKS,"Eden Gardens, Kolkata",W W W L L,None,Clear,Loss
KKR,MI,"Eden Gardens, Kolkata",W L L W W,2 Players Out,Drizzle,Win
MI,KKR,Away,W L L W W,Wicketkeeper Out,Drizzle,Loss
KKR,RR,"Eden Gardens, Kolkata",L W L W W,None,Clear,Win
RR,KKR,Away,W W W L L,Star AllRounder Out,Clear,Loss
KKR,MI,"Eden Gardens, Kolkata",L W W W L,None,Clear,Loss
MI,KKR,Away,W W W W L,None,Clear,Win
SRH,RR,"Rajiv Gandhi Intl Stadium, Hyderabad",L L W W W,2 Players Out,Clear,Win
RR,SRH,Away,W W L L W,Wicketkeeper Out,Clear,Loss
SRH,MI,"Rajiv Gandhi Intl Stadium, Hyderabad",W W W L L,None,Partly Cloudy,Win
MI,SRH,Away,L W W W L,None,Partly Cloudy,Loss
RCB,RR,"M Chinnaswamy Stadium, Bangalore",W W W L W,None,Clear,Win
RR,RCB,Away,W L W W W,2 Players Out,Clear,Loss
RR,SRH,"Sawai Mansingh Stadium, Jaipur",W L L W W,None,Cloudy,Loss
SRH,RR,Away,W W W L L,2 Players Out,Cloudy,Win
DC,RR,Away,L L W W W,None,Clear,Win
RR,DC,"Sawai Mansingh Stadium, Jaipur",W L L W W,None,Clear,Loss
MI,DC,Away,W L L W W,Key Bowler Out,Partly Cloudy,Loss
DC,MI,"Arun Jaitley Stadium, Delhi",W W L L W,None,Partly Cloudy,Win
RCB,MI,Away,L W L W W,None,Clear,Win
MI,RCB,"Wankhede Stadium, Mumbai",L W W W L,Key Bowler Out,Clear,Loss
RCB,PBKS,Away,W L W W W,None,Partly Cloudy,Win
PBKS,RCB,"IS Bindra Stadium, Mohali",L L W W W,None,Partly Cloudy,Loss
CSK,KKR,Away,L W W L W,None,Clear,Loss
KKR,CSK,"Eden Gardens, Kolkata",L W L W W,Star AllRounder Out,Clear,Win
RCB,PBKS,"M Chinnaswamy Stadium, Bangalore",W L L W W,None,Cloudy,Loss
PBKS,RCB,Away,W W W L L,None,Cloudy,Win
CSK,MI,Away,W W W L L,None,Drizzle,Win
MI,CSK,"Wankhede Stadium, Mumbai",W L L W W,None,Drizzle,Loss
CSK,KKR,Away,L W W L W,None,Clear,Win
KKR,CSK,"Eden Gardens, Kolkata",W L L W W,Wicketkeeper Out,Clear,Loss
RR,PBKS,Away,W W W W L,Key Bowler Out,Clear,Win
PBKS,RR,"IS Bindra Stadium, Mohali",L W L W W,None,Clear,Loss
DC,KKR,Away,W L W W W,Wicketkeeper Out,Clear,Win
KKR,DC,"Eden Gardens, Kolkata",L W L W W,None,Clear,Loss
KKR,CSK,Away,W W W W L,Wicketkeeper Out,Partly Cloudy,Win
CSK,KKR,"MA Chidambaram Stadium, Chennai",W W W W L,Key Bowler Out,Partly Cloudy,Loss
RR,SRH,"Sawai Mansingh Stadium, Jaipur",W W W L W,None,Clear,Loss
SRH,RR,Away,W W W L W,None,Clear,Win
MI,PBKS,"Wankhede Stadium, Mumbai",W W W W L,Key Bowler Out,Clear,Loss
PBKS,MI,Away,L W W L W,None,Clear,Win
RCB,SRH,Away,L W W L W,None,Clear,Loss
SRH,RCB,"Rajiv Gandhi Intl Stadium, Hyderabad",L L W W W,Star AllRounder Out,Clear,Win
RCB,MI,"M Chinnaswamy Stadium, Bangalore",L W L W W,None,Clear,Loss
MI,RCB,Away,L W W L W,None,Clear,Win
SRH,RCB,"Rajiv Gandhi Intl Stadium, Hyderabad",W W W L W,None,Clear,Loss
RCB,SRH,Away,L W W L W,None,Clear,Win
KKR,RR,"Eden Gardens, Kolkata",W W W L W,None,Humid,Win
RR,KKR,Away,L W W L W,None,Humid,Loss
MI,KKR,Away,L W W W L,None,Clear,Loss
KKR,MI,"Eden Gardens, Kolkata",L W L W W,None,Clear,Win
CSK,RCB,"MA Chidambaram Stadium, Chennai",W W W L L,Wicketkeeper Out,Hot & Dry,Loss
RCB,CSK,Away,W W L L W,Key Bowler Out,Hot & Dry,Win
RCB,PBKS,Away,W W W L L,Wicketkeeper Out,Clear,Loss
PBKS,RCB,"IS Bindra Stadium, Mohali",W W W W L,Key Bowler Out,Clear,Win
DC,PBKS,Away,W W W L L,None,Cloudy,Win
PBKS,DC,"IS Bindra Stadium, Mohali",L L W W W,None,Cloudy,Loss
MI,KKR,Away,W W W W L,None,Clear,Loss
KKR,MI,"Eden Gardens, Kolkata",W W W L L,None,Clear,Win
PBKS,SRH,Away,L W L W W,None,Partly Cloudy,Loss
SRH,PBKS,"Rajiv Gandhi Intl Stadium, Hyderabad",W W W W L,None,Partly Cloudy,Win
CSK,KKR,"MA Chidambaram Stadium, Chennai",W W W W L,2 Players Out,Hot & Dry,Win
KKR,CSK,Away,W L L W W,None,Hot & Dry,Loss
DC,RR,Away,W W W L L,None,Clear,Win
RR,DC,"Sawai Mansingh Stadium, Jaipur",L L W W W,None,Clear,Loss
CSK,RCB,"MA Chidambaram Stadium, Chennai",W W L L W,None,Clear,Loss
RCB,CSK,Away,W W W L W,Top Batsman Out,Clear,Win
PBKS,RCB,"IS Bindra Stadium, Mohali",W W W L W,None,Clear,Loss
RCB,PBKS,Away,W W W L L,None,Clear,Win
MI,RCB,"Wankhede Stadium, Mumbai",L L W W W,None,Clear,Win
RCB,MI,Away,W W W W L,2 Players Out,Clear,Loss
DC,SRH,"Arun Jaitley Stadium, Delhi",L W W W L,None,Clear,Win
SRH,DC,Away,L W L W W,Star AllRounder Out,Clear,Loss
RR,MI,Away,L W W W L,None,Clear,Loss
MI,RR,"Wankhede Stadium, Mumbai",L L W W W,None,Clear,Win
PBKS,KKR,Away,W L L W W,Wicketkeeper Out,Partly Cloudy,Loss
KKR,PBKS,"Eden Gardens, Kolkata",W W W L L,None,Partly Cloudy,Win
SRH,PBKS,"Rajiv Gandhi Intl Stadium, Hyderabad",W W W W L,None,Clear,Win
PBKS,SRH,Away,L W W W L,None,Clear,Loss
CSK,RCB,Away,L L W W W,2 Players Out,Humid,Win
RCB,CSK,"M Chinnaswamy Stadium, Bangalore",L W W L W,None,Humid,Loss
RR,MI,Away,W W W L L,None,Clear,Win
MI,RR,"Wankhede Stadium, Mumbai",W W W W L,Top Batsman Out,Clear,Loss
KKR,DC,Away,W W L L W,None,Clear,Loss
DC,KKR,"Arun Jaitley Stadium, Delhi",W W W L W,Top Batsman Out,Clear,Win
SRH,KKR,Away,L W W L W,None,Drizzle,Win
KKR,SRH,"Eden Gardens, Kolkata",L W W L W,None,Drizzle,Loss
CSK,RCB,"MA Chidambaram Stadium, Chennai",W L L W W,None,Clear,Loss
RCB,CSK,Away,L L W W W,Top Batsman Out,Clear,Win
PBKS,RCB,Away,W W W W L,None,Partly Cloudy,Loss
RCB,PBKS,"M Chinnaswamy Stadium, Bangalore",L W W L W,None,Partly Cloudy,Win
KKR,DC,Away,L W L W W,None,Humid,Win
DC,KKR,"Arun Jaitley Stadium, Delhi",W W W L L,None,Humid,Loss
PBKS,SRH,Away,W W W L L,None,Clear,Win
SRH,PBKS,"Rajiv Gandhi Intl Stadium, Hyderabad",W W W W L,None,Clear,Loss
DC,SRH,"Arun Jaitley Stadium, Delhi",L W W W L,Star AllRounder Out,Clear,Win
SRH,DC,Away,W W W W L,Wicketkeeper Out,Clear,Loss
DC,RCB,Away,W L W W W,None,Clear,Loss
RCB,DC,"M Chinnaswamy Stadium, Bangalore",W W W L L,None,Clear,Win
KKR,SRH,Away,W L L W W,None,Clear,Loss
SRH,KKR,"Rajiv Gandhi Intl Stadium, Hyderabad",L W W L W,Wicketkeeper Out,Clear,Win
CSK,DC,Away,W W W L W,None,Clear,Loss
DC,CSK,"Arun Jaitley Stadium, Delhi",W W L L W,None,Clear,Win
RCB,MI,"M Chinnaswamy Stadium, Bangalore",W W W L L,None,Clear,Loss
MI,RCB,Away,W W W L W,None,Clear,Win
CSK,KKR,Away,L W W W L,None,Clear,Loss
KKR,CSK,"Eden Gardens, Kolkata",L W W W L,2 Players Out,Clear,Win
RR,DC,Away,L W L W W,2 Players Out,Partly Cloudy,Loss
DC,RR,"Arun Jaitley Stadium, Delhi",W L W W W,2 Players Out,Partly Cloudy,Win
PBKS,MI,Away,W W W L L,None,Clear,Win
MI,PBKS,"Wankhede Stadium, Mumbai",L W W W L,None,Clear,Loss
SRH,DC,Away,W W W L L,Star AllRounder Out,Clear,Loss
DC,SRH,"Arun Jaitley Stadium, Delhi",L W L W W,None,Clear,Win
RCB,PBKS,Away,W W L L W,None,Clear,Win
PBKS,RCB,"IS Bindra Stadium, Mohali",W L W W W,None,Clear,Loss
DC,PBKS,"Arun Jaitley Stadium, Delhi",W L W W W,None,Clear,Win
PBKS,DC,Away,L W W L W,None,Clear,Loss
CSK,DC,Away,W W L L W,None,Clear,Win
DC,CSK,"Arun Jaitley Stadium, Delhi",W W W L L,None,Clear,Loss
SRH,PBKS,Away,L W W L W,None,Clear,Win
PBKS,SRH,"IS Bindra Stadium, Mohali",L W W L W,2 Players Out,Clear,Loss
SRH,PBKS,"Rajiv Gandhi Intl Stadium, Hyderabad",L W L W W,None,Clear,Loss
PBKS,SRH,Away,L L W W W,None,Clear,Win
MI,CSK,Away,L W L W W,Key Bowler Out,Clear,Loss
CSK,MI,"MA Chidambaram Stadium, Chennai",W W W L L,None,Clear,Win
KKR,MI,Away,L W W W L,None,Clear,Loss
MI,KKR,"Wankhede Stadium, Mumbai",W W W L L,None,Clear,Win
KKR,RR,Away,W W W L W,Top Batsman Out,Clear,Win
RR,KKR,"Sawai Mansingh Stadium, Jaipur",W W W L L,Top Batsman Out,Clear,Loss
RR,PBKS,Away,W W L L W,2 Players Out,Clear,Loss
PBKS,RR,"IS Bindra Stadium, Mohali",W W W W L,None,Clear,Win
PBKS,SRH,"IS Bindra Stadium, Mohali",W W W L W,Top Batsman Out,Clear,Win
SRH,PBKS,Away,L L W W W,2 Players Out,Clear,Loss
DC,RR,"Arun Jaitley Stadium, Delhi",W L L W W,Star AllRounder Out,Clear,Loss
RR,DC,Away,W W L L W,None,Clear,Win
CSK,PBKS,"MA Chidambaram Stadium, Chennai",W L W W W,None,Humid,Loss
PBKS,CSK,Away,W L L W W,None,Humid,Win
DC,SRH,Away,L L W W W,None,Drizzle,Loss
SRH,DC,"Rajiv Gandhi Intl Stadium, Hyderabad",L W L W W,Wicketkeeper Out,Drizzle,Win
SRH,KKR,Away,W L L W W,None,Hot & Dry,Loss
KKR,SRH,"Eden Gardens, Kolkata",W L W W W,None,Hot & Dry,Win
DC,KKR,Away,L W L W W,None,Clear,Win
KKR,DC,"Eden Gardens, Kolkata",W W W L W,Star AllRounder Out,Clear,Loss
CSK,KKR,Away,L L W W W,None,Clear,Loss
KKR,CSK,"Eden Gardens, Kolkata",L W W W L,Key Bowler Out,Clear,Win
DC,MI,Away,L L W W W,None,Hot & Dry,Loss
MI,DC,"Wankhede Stadium, Mumbai",W L L W W,2 Players Out,Hot & Dry,Win
KKR,RCB,Away,L W W W L,None,Hot & Dry,Win
RCB,KKR,"M Chinnaswamy Stadium, Bangalore",L W W W L,Wicketkeeper Out,Hot & Dry,Loss
CSK,SRH,"MA Chidambaram Stadium, Chennai",W L W W W,None,Clear,Win
SRH,CSK,Away,W W W L W,None,Clear,Loss
DC,CSK,"Arun Jaitley Stadium, Delhi",W W W L W,Wicketkeeper Out,Drizzle,Win
CSK,DC,Away,W W L L W,None,Drizzle,Loss
MI,RCB,Away,W W W L W,Wicketkeeper Out,Clear,Win
RCB,MI,"M Chinnaswamy Stadium, Bangalore",W W W L W,Wicketkeeper Out,Clear,Loss
CSK,SRH,Away,W W W L L,None,Clear,Win
SRH,CSK,"Rajiv Gandhi Intl Stadium, Hyderabad",L L W W W,Wicketkeeper Out,Clear,Loss
PBKS,CSK,"IS Bindra Stadium, Mohali",W W L L W,None,Clear,Loss
CSK,PBKS,Away,W W L L W,Wicketkeeper Out,Clear,Win
SRH,RR,Away,W L W W W,Top Batsman Out,Clear,Win
RR,SRH,"Sawai Mansingh Stadium, Jaipur",W W W W L,None,Clear,Loss
SRH,RCB,"Rajiv Gandhi Intl Stadium, Hyderabad",W W W L W,Top Batsman Out,Clear,Loss
RCB,SRH,Away,W L W W W,Top Batsman Out,Clear,Win
CSK,RCB,"MA Chidambaram Stadium, Chennai",L W W W L,None,Clear,Loss
RCB,CSK,Away,W L W W W,Star AllRounder Out,Clear,Win
PBKS,SRH,"IS Bindra Stadium, Mohali",W W L L W,None,Hot & Dry,Loss
SRH,PBKS,Away,W W L L W,Star AllRounder Out,Hot & Dry,Win
CSK,MI,Away,W W W L L,2 Players Out,Clear,Loss
MI,CSK,"Wankhede Stadium, Mumbai",L W W L W,None,Clear,Win
CSK,PBKS,"MA Chidambaram Stadium, Chennai",L W L W W,None,Clear,Loss
PBKS,CSK,Away,W L W W W,None,Clear,Win
RCB,DC,"M Chinnaswamy Stadium, Bangalore",W L W W W,None,Clear,Win
DC,RCB,Away,W W W L L,Key Bowler Out,Clear,Loss
RR,PBKS,"Sawai Mansingh Stadium, Jaipur",W W W W L,None,Clear,Loss
PBKS,RR,Away,L W W L W,None,Clear,Win
CSK,RCB,Away,W L L W W,None,Clear,Loss
RCB,CSK,"M Chinnaswamy Stadium, Bangalore",W L L W W,Key Bowler Out,Clear,Win
KKR,RCB,Away,W L W W W,None,Clear,Win
RCB,KKR,"M Chinnaswamy Stadium, Bangalore",L W W L W,None,Clear,Loss
PBKS,KKR,"IS Bindra Stadium, Mohali",L W L W W,None,Clear,Loss
KKR,PBKS,Away,L W W W L,Top Batsman Out,Clear,Win
PBKS,CSK,"IS Bindra Stadium, Mohali",L L W W W,Key Bowler Out,Clear,Win
CSK,PBKS,Away,W L L W W,None,Clear,Loss
KKR,CSK,"Eden Gardens, Kolkata",L W L W W,Wicketkeeper Out,Clear,Loss
CSK,KKR,Away,W L L W W,Wicketkeeper Out,Clear,Win
PBKS,CSK,"IS Bindra Stadium, Mohali",W W W W L,None,Clear,Loss
CSK,PBKS,Away,W W W L L,None,Clear,Win
CSK,KKR,Away,L W L W W,None,Clear,Win
KKR,CSK,"Eden Gardens, Kolkata",W L W W W,None,Clear,Loss
RR,PBKS,"Sawai Mansingh Stadium, Jaipur",L L W W W,None,Partly Cloudy,Win
PBKS,RR,Away,L L W W W,None,Partly Cloudy,Loss
KKR,DC,Away,L W L W W,None,Clear,Loss
DC,KKR,"Arun Jaitley Stadium, Delhi",L L W W W,None,Clear,Win
SRH,PBKS,Away,L W W L W,None,Clear,Win
PBKS,SRH,"IS Bindra Stadium, Mohali",L W W L W,None,Clear,Loss
SRH,CSK,Away,W W W W L,Top Batsman Out,Clear,Loss
CSK,SRH,"MA Chidambaram Stadium, Chennai",L W W L W,None,Clear,Win
RCB,DC,"M Chinnaswamy Stadium, Bangalore",L L W W W,None,Humid,Loss
DC,RCB,Away,W W W W L,None,Humid,Win
RCB,PBKS,Away,W W W W L,None,Hot & Dry,Win
PBKS,RCB,"IS Bindra Stadium, Mohali",L L W W W,None,Hot & Dry,Loss
RCB,DC,Away,L W L W W,None,Humid,Win
DC,RCB,"Arun Jaitley Stadium, Delhi",W W W W L,None,Humid,Loss
CSK,RCB,Away,W W L L W,None,Clear,Loss
RCB,CSK,"M Chinnaswamy Stadium, Bangalore",W L L W W,None,Clear,Win
MI,PBKS,Away,W W L L W,2 Players Out,Clear,Loss
PBKS,MI,"IS Bindra Stadium, Mohali",L L W W W,None,Clear,Win
PBKS,DC,Away,L W W L W,Wicketkeeper Out,Clear,Win
DC,PBKS,"Arun Jaitley Stadium, Delhi",L W L W W,Wicketkeeper Out,Clear,Loss
RCB,MI,"M Chinnaswamy Stadium, Bangalore",W L W W W,2 Players Out,Drizzle,Win
MI,RCB,Away,W W L L W,2 Players Out,Drizzle,Loss
CSK,SRH,Away,W W W W L,None,Clear,Loss
SRH,CSK,"Rajiv Gandhi Intl Stadium, Hyderabad",L W L W W,None,Clear,Win
DC,SRH,"Arun Jaitley Stadium, Delhi",W L L W W,Top Batsman Out,Clear,Win
SRH,DC,Away,W W W W L,None,Clear,Loss
RCB,CSK,Away,W L W W W,Top Batsman Out,Clear,Win
CSK,RCB,"MA Chidambaram Stadium, Chennai",L L W W W,None,Clear,Loss
KKR,MI,Away,W W W W L,None,Clear,Loss
MI,KKR,"Wankhede Stadium, Mumbai",W L L W W,None,Clear,Win
RCB,DC,"M Chinnaswamy Stadium, Bangalore",W L L W W,Key Bowler Out,Cloudy,Win
DC,RCB,Away,W L L W W,None,Cloudy,Loss
PBKS,CSK,Away,W L W W W,None,Clear,Win
CSK,PBKS,"MA Chidambaram Stadium, Chennai",L W W W L,None,Clear,Loss
KKR,MI,Away,W L L W W,None,Clear,Win
MI,KKR,"Wankhede Stadium, Mumbai",W W L L W,Top Batsman Out,Clear,Loss
RR,DC,"Sawai Mansingh Stadium, Jaipur",L W W L W,None,Clear,Loss
DC,RR,Away,W W L L W,None,Clear,Win
CSK,RCB,"MA Chidambaram Stadium, Chennai",W W L L W,None,Clear,Win
RCB,CSK,Away,L L W W W,None,Clear,Loss
KKR,MI,Away,W W L L W,None,Hot & Dry,Loss
MI,KKR,"Wankhede Stadium, Mumbai",W L L W W,None,Hot & Dry,Win
RR,SRH,Away,L W W L W,Key Bowler Out,Clear,Win
SRH,RR,"Rajiv Gandhi Intl Stadium, Hyderabad",W L W W W,Key Bowler Out,Clear,Loss
SRH,MI,"Rajiv Gandhi Intl Stadium, Hyderabad",L W W W L,None,Cloudy,Win
MI,SRH,Away,W W W W L,None,Cloudy,Loss
KKR,MI,"Eden Gardens, Kolkata",W W W L L,Top Batsman Out,Partly Cloudy,Loss
MI,KKR,Away,L W L W W,None,Partly Cloudy,Win
RR,PBKS,Away,W W W L L,Wicketkeeper Out,Hot & Dry,Loss
PBKS,RR,"IS Bindra Stadium, Mohali",L W W W L,None,Hot & Dry,Win
KKR,PBKS,Away,W L L W W,None,Drizzle,Win
PBKS,KKR,"IS Bindra Stadium, Mohali",L W W L W,Star AllRounder Out,Drizzle,Loss
MI,PBKS,"Wankhede Stadium, Mumbai",L W L W W,Wicketkeeper Out,Hot & Dry,Loss
PBKS,MI,Away,W W W L L,2 Players Out,Hot & Dry,Win
MI,DC,Away,W L L W W,None,Clear,Win
DC,MI,"Arun Jaitley Stadium, Delhi",L W W W L,None,Clear,Loss
SRH,CSK,Away,W W L L W,None,Clear,Loss
CSK,SRH,"MA Chidambaram Stadium, Chennai",W W W L L,None,Clear,Win
PBKS,SRH,"IS Bindra Stadium, Mohali",L L W W W,Star AllRounder Out,Clear,Loss
SRH,PBKS,Away,W W W L L,Key Bowler Out,Clear,Win
DC,MI,"Arun Jaitley Stadium, Delhi",W W L L W,Star AllRounder Out,Clear,Loss
MI,DC,Away,L L W W W,None,Clear,Win
RCB,RR,"M Chinnaswamy Stadium, Bangalore",W L L W W,None,Clear,Win
RR,RCB,Away,W L W W W,None,Clear,Loss
RCB,RR,Away,L W W W L,None,Humid,Win
RR,RCB,"Sawai Mansingh Stadium, Jaipur",L W W L W,None,Humid,Loss
CSK,SRH,Away,W W W L L,None,Clear,Loss
SRH,CSK,"Rajiv Gandhi Intl Stadium, Hyderabad",L L W W W,Wicketkeeper Out,Clear,Win
SRH,KKR,Away,W W W L L,None,Clear,Win
KKR,SRH,"Eden Gardens, Kolkata",W L W W W,None,Clear,Loss
SRH,RR,"Rajiv Gandhi Intl Stadium, Hyderabad",L W W W L,None,Clear,Win
RR,SRH,Away,W W L L W,None,Clear,Loss
RR,DC,"Sawai Mansingh Stadium, Jaipur",L W W L W,2 Players Out,Clear,Loss
DC,RR,Away,L L W W W,Top Batsman Out,Clear,Win
PBKS,RCB,"IS Bindra Stadium, Mohali",L W L W W,None,Drizzle,Loss
RCB,PBKS,Away,W W W L L,None,Drizzle,Win
MI,KKR,"Wankhede Stadium, Mumbai",W L W W W,2 Players Out,Drizzle,Win
KKR,MI,Away,W L L W W,2 Players Out,Drizzle,Loss
RR,PBKS,Away,W W L L W,None,Cloudy,Loss
PBKS,RR,"IS Bindra Stadium, Mohali",W L L W W,Key Bowler Out,Cloudy,Win
KKR,SRH,Away,W W W W L,None,Clear,Win
SRH,KKR,"Rajiv Gandhi Intl Stadium, Hyderabad",W W W L W,None,Clear,Loss
PBKS,RR,"IS Bindra Stadium, Mohali",W L L W W,None,Humid,Win
RR,PBKS,Away,W L L W W,Top Batsman Out,Humid,Loss
SRH,PBKS,Away,W L W W W,None,Drizzle,Win
PBKS,SRH,"IS Bindra Stadium, Mohali",W W W W L,None,Drizzle,Loss
CSK,DC,Away,W W L L W,2 Players Out,Clear,Win
DC,CSK,"Arun Jaitley Stadium, Delhi",L W L W W,None,Clear,Loss
DC,MI,"Arun Jaitley Stadium, Delhi",L W W W L,None,Clear,Win
MI,DC,Away,L W W L W,Wicketkeeper Out,Clear,Loss
CSK,RCB,Away,W L W W W,None,Hot & Dry,Win
RCB,CSK,"M Chinnaswamy Stadium, Bangalore",L W L W W,None,Hot & Dry,Loss
DC,MI,"Arun Jaitley Stadium, Delhi",W L W W W,Key Bowler Out,Cloudy,Win
MI,DC,Away,W L W W W,Key Bowler Out,Cloudy,Loss
RR,MI,"Sawai Mansingh Stadium, Jaipur",L W W W L,Wicketkeeper Out,Clear,Win
MI,RR,Away,W L W W W,None,Clear,Loss
MI,KKR,"Wankhede Stadium, Mumbai",L W W W L,None,Clear,Win
KKR,MI,Away,L W L W W,2 Players Out,Clear,Loss
PBKS,CSK,"IS Bindra Stadium, Mohali",W L W W W,None,Drizzle,Loss
CSK,PBKS,Away,L W W L W,Top Batsman Out,Drizzle,Win
RCB,RR,"M Chinnaswamy Stadium, Bangalore",W W L L W,2 Players Out,Clear,Loss
RR,RCB,Away,L L W W W,None,Clear,Win
CSK,RR,Away,W W L L W,None,Humid,Loss
RR,CSK,"Sawai Mansingh Stadium, Jaipur",W W W L L,Wicketkeeper Out,Humid,Win
SRH,RCB,"Rajiv Gandhi Intl Stadium, Hyderabad",W W L L W,Top Batsman Out,Clear,Loss
RCB,SRH,Away,W L L W W,None,Clear,Win
PBKS,SRH,"IS Bindra Stadium, Mohali",W W W W L,None,Clear,Loss
SRH,PBKS,Away,W W W W L,Top Batsman Out,Clear,Win
KKR,RR,Away,W L W W W,None,Clear,Loss
RR,KKR,"Sawai Mansingh Stadium, Jaipur",W W W L W,None,Clear,Win
DC,CSK,"Arun Jaitley Stadium, Delhi",L W L W W,None,Clear,Loss
CSK,DC,Away,W W W L L,2 Players Out,Clear,Win
RR,RCB,Away,W L W W W,Wicketkeeper Out,Partly Cloudy,Loss
RCB,RR,"M Chinnaswamy Stadium, Bangalore",W W W L L,None,Partly Cloudy,Win
PBKS,KKR,"IS Bindra Stadium, Mohali",W W W L L,None,Clear,Loss
KKR,PBKS,Away,W W L L W,None,Clear,Win
PBKS,KKR,Away,W W L L W,None,Clear,Win
KKR,PBKS,"Eden Gardens, Kolkata",W W W L W,None,Clear,Loss
MI,SRH,"Wankhede Stadium, Mumbai",L L W W W,None,Partly Cloudy,Win
SRH,MI,Away,L W W W L,None,Partly Cloudy,Loss
KKR,DC,Away,W W W L L,None,Clear,Win
DC,KKR,"Arun Jaitley Stadium, Delhi",W W W L L,Star AllRounder Out,Clear,Loss
RCB,PBKS,Away,W L W W W,Key Bowler Out,Clear,Loss
PBKS,RCB,"IS Bindra Stadium, Mohali",W W W L W,None,Clear,Win
PBKS,KKR,"IS Bindra Stadium, Mohali",W L L W W,Wicketkeeper Out,Clear,Loss
KKR,PBKS,Away,W L L W W,Key Bowler Out,Clear,Win
KKR,MI,"Eden Gardens, Kolkata",L L W W W,None,Clear,Win
MI,KKR,Away,W L W W W,None,Clear,Loss
CSK,MI,"MA Chidambaram Stadium, Chennai",W W L L W,None,Clear,Win
MI,CSK,Away,W W W L W,Key Bowler Out,Clear,Loss
KKR,RR,"Eden Gardens, Kolkata",W W W L L,None,Clear,Loss
RR,KKR,Away,L W L W W,Key Bowler Out,Clear,Win
RCB,KKR,"M Chinnaswamy Stadium, Bangalore",L W W L W,None,Clear,Win
KKR,RCB,Away,W W W W L,Wicketkeeper Out,Clear,Loss
DC,RR,"Arun Jaitley Stadium, Delhi",L W L W W,None,Cloudy,Loss
RR,DC,Away,W L W W W,None,Cloudy,Win
RCB,CSK,Away,W W W L W,None,Cloudy,Win
CSK,RCB,"MA Chidambaram Stadium, Chennai",W W W W L,None,Cloudy,Loss
MI,KKR,Away,W W L L W,None,Clear,Win
KKR,MI,"Eden Gardens, Kolkata",W W W L L,None,Clear,Loss
CSK,DC,"MA Chidambaram Stadium, Chennai",W W L L W,Key Bowler Out,Clear,Loss
DC,CSK,Away,W W W L L,2 Players Out,Clear,Win
CSK,RR,Away,L L W W W,None,Clear,Loss
RR,CSK,"Sawai Mansingh Stadium, Jaipur",W L W W W,Wicketkeeper Out,Clear,Win
MI,CSK,"Wankhede Stadium, Mumbai",L L W W W,None,Clear,Loss
CSK,MI,Away,W L W W W,None,Clear,Win
RCB,DC,"M Chinnaswamy Stadium, Bangalore",L W W L W,Wicketkeeper Out,Clear,Win
DC,RCB,Away,W L W W W,None,Clear,Loss
CSK,DC,"MA Chidambaram Stadium, Chennai",W W L L W,None,Clear,Loss
DC,CSK,Away,L L W W W,Star AllRounder Out,Clear,Win
RCB,KKR,Away,L L W W W,None,Partly Cloudy,Win
KKR,RCB,"Eden Gardens, Kolkata",W W L L W,None,Partly Cloudy,Loss
KKR,CSK,"Eden Gardens, Kolkata",W L L W W,Key Bowler Out,Clear,Loss
CSK,KKR,Away,W L L W W,Top Batsman Out,Clear,Win
DC,MI,Away,W L L W W,Star AllRounder Out,Clear,Win
MI,DC,"Wankhede Stadium, Mumbai",L L W W W,None,Clear,Loss
SRH,RR,"Rajiv Gandhi Intl Stadium, Hyderabad",W W L L W,None,Clear,Loss
RR,SRH,Away,W W W W L,None,Clear,Win
RR,SRH,"Sawai Mansingh Stadium, Jaipur",L L W W W,Star AllRounder Out,Clear,Loss
SRH,RR,Away,L L W W W,None,Clear,Win
MI,SRH,"Wankhede Stadium, Mumbai",W L W W W,None,Partly Cloudy,Win
SRH,MI,Away,W L L W W,None,Partly Cloudy,Loss
CSK,MI,"MA Chidambaram Stadium, Chennai",L W W W L,Star AllRounder Out,Drizzle,Win
MI,CSK,Away,W W L L W,Top Batsman Out,Drizzle,Loss
SRH,RR,"Rajiv Gandhi Intl Stadium, Hyderabad",W W W L W,None,Clear,Win
RR,SRH,Away,W L W W W,None,Clear,Loss
PBKS,RR,Away,W L W W W,None,Clear,Loss
RR,PBKS,"Sawai Mansingh Stadium, Jaipur",W W W L W,None,Clear,Win
RR,DC,"Sawai Mansingh Stadium, Jaipur",L W L W W,None,Humid,Win
DC,RR,Away,L W L W W,Key Bowler Out,Humid,Loss
SRH,KKR,Away,L W W W L,None,Clear,Loss
KKR,SRH,"Eden Gardens, Kolkata",W W W L W,None,Clear,Win
MI,DC,Away,W W W L W,None,Partly Cloudy,Loss
DC,MI,"Arun Jaitley Stadium, Delhi",W L W W W,Top Batsman Out,Partly Cloudy,Win
DC,RCB,"Arun Jaitley Stadium, Delhi",W W W L L,Top Batsman Out,Drizzle,Loss
RCB,DC,Away,W W W L W,None,Drizzle,Win
MI,KKR,Away,L W L W W,None,Clear,Win
KKR,MI,"Eden Gardens, Kolkata",L L W W W,None,Clear,Loss
CSK,RR,Away,W W W L W,Wicketkeeper Out,Clear,Win
RR,CSK,"Sawai Mansingh Stadium, Jaipur",W L L W W,Key Bowler Out,Clear,Loss
PBKS,MI,"IS Bindra Stadium, Mohali",L L W W W,Star AllRounder Out,Clear,Win
MI,PBKS,Away,W W W L L,None,Clear,Loss
RR,KKR,"Sawai Mansingh Stadium, Jaipur",L W W W L,None,Drizzle,Win
KKR,RR,Away,W W L L W,Key Bowler Out,Drizzle,Loss
RCB,SRH,"M Chinnaswamy Stadium, Bangalore",L W W L W,Star AllRounder Out,Hot & Dry,Loss
SRH,RCB,Away,W W L L W,None,Hot & Dry,Win
KKR,DC,"Eden Gardens, Kolkata",W L W W W,None,Clear,Win
DC,KKR,Away,W W W L W,None,Clear,Loss
MI,CSK,Away,L W W L W,None,Clear,Win
CSK,MI,"MA Chidambaram Stadium, Chennai",W W L L W,None,Clear,Loss
RCB,CSK,"M Chinnaswamy Stadium, Bangalore",L W W W L,None,Partly Cloudy,Win
CSK,RCB,Away,L W W L W,None,Partly Cloudy,Loss
RCB,CSK,Away,L W L W W,None,Cloudy,Loss
CSK,RCB,"MA Chidambaram Stadium, Chennai",L W W L W,Key Bowler Out,Cloudy,Win
KKR,PBKS,Away,W L L W W,None,Drizzle,Win
PBKS,KKR,"IS Bindra Stadium, Mohali",W W W W L,None,Drizzle,Loss
KKR,DC,Away,L L W W W,None,Clear,Loss
DC,KKR,"Arun Jaitley Stadium, Delhi",L W W W L,None,Clear,Win
CSK,PBKS,Away,L W W L W,2 Players Out,Clear,Loss
PBKS,CSK,"IS Bindra Stadium, Mohali",W W L L W,None,Clear,Win
KKR,RCB,"Eden Gardens, Kolkata",W W L L W,Key Bowler Out,Clear,Loss
RCB,KKR,Away,W W W W L,None,Clear,Win
RR,CSK,Away,W W L L W,None,Drizzle,Loss
CSK,RR,"MA Chidambaram Stadium, Chennai",W W L L W,None,Drizzle,Win
PBKS,CSK,"IS Bindra Stadium, Mohali",L W L W W,None,Clear,Loss
CSK,PBKS,Away,W L L W W,Top Batsman Out,Clear,Win
RR,LSG,Away,W W W L L,None,Hot & Dry,Win
LSG,RR,"BRSABV Ekana Stadium, Lucknow",L W L W W,Star AllRounder Out,Hot & Dry,Loss
KKR,RR,"Eden Gardens, Kolkata",W W W L W,None,Clear,Win
RR,KKR,Away,L L W W W,Key Bowler Out,Clear,Loss
PBKS,RCB,"IS Bindra Stadium, Mohali",L W L W W,None,Clear,Loss
RCB,PBKS,Away,L W W W L,None,Clear,Win
GT,RR,"Narendra Modi Stadium, Ahmedabad",L W L W W,None,Clear,Win
RR,GT,Away,L W W W L,None,Clear,Loss
CSK,PBKS,Away,W W L L W,Top Batsman Out,Clear,Loss
PBKS,CSK,"IS Bindra Stadium, Mohali",W W L L W,None,Clear,Win
SRH,DC,"Rajiv Gandhi Intl Stadium, Hyderabad",W W W L W,None,Hot & Dry,Win
DC,SRH,Away,L W L W W,Wicketkeeper Out,Hot & Dry,Loss
CSK,RCB,"MA Chidambaram Stadium, Chennai",L W L W W,None,Hot & Dry,Win
RCB,CSK,Away,W L W W W,Star AllRounder Out,Hot & Dry,Loss
PBKS,CSK,"IS Bindra Stadium, Mohali",L W W W L,None,Clear,Loss
CSK,PBKS,Away,L L W W W,None,Clear,Win
LSG,RR,Away,L L W W W,2 Players Out,Clear,Win
RR,LSG,"Sawai Mansingh Stadium, Jaipur",W L W W W,Wicketkeeper Out,Clear,Loss
RCB,LSG,Away,L W W W L,None,Clear,Loss
LSG,RCB,"BRSABV Ekana Stadium, Lucknow",W L L W W,None,Clear,Win
SRH,DC,Away,L W W L W,None,Clear,Win
DC,SRH,"Arun Jaitley Stadium, Delhi",W W W L W,None,Clear,Loss
RCB,MI,Away,L W W L W,Wicketkeeper Out,Clear,Loss
MI,RCB,"Wankhede Stadium, Mumbai",W W L L W,None,Clear,Win
MI,RR,"Wankhede Stadium, Mumbai",W L L W W,None,Clear,Win
RR,MI,Away,L L W W W,Top Batsman Out,Clear,Loss
PBKS,RR,"IS Bindra Stadium, Mohali",L W W W L,None,Partly Cloudy,Win
RR,PBKS,Away,W W L L W,None,Partly Cloudy,Loss
LSG,PBKS,Away,W W L L W,Star AllRounder Out,Clear,Loss
PBKS,LSG,"IS Bindra Stadium, Mohali",L W W W L,None,Clear,Win
PBKS,GT,Away,W W W L L,Wicketkeeper Out,Clear,Loss
GT,PBKS,"Narendra Modi Stadium, Ahmedabad",L W L W W,Key Bowler Out,Clear,Win
CSK,MI,Away,W L W W W,None,Clear,Win
MI,CSK,"Wankhede Stadium, Mumbai",L W L W W,None,Clear,Loss
GT,PBKS,Away,W W W L L,None,Clear,Loss
PBKS,GT,"IS Bindra Stadium, Mohali",W W W W L,Top Batsman Out,Clear,Win
RR,GT,"Sawai Mansingh Stadium, Jaipur",L W W W L,Top Batsman Out,Clear,Win
GT,RR,Away,L L W W W,None,Clear,Loss
LSG,RCB,"BRSABV Ekana Stadium, Lucknow",W W W L W,None,Drizzle,Win
RCB,LSG,Away,W L L W W,None,Drizzle,Loss
RCB,SRH,Away,L L W W W,Star AllRounder Out,Clear,Win
SRH,RCB,"Rajiv Gandhi Intl Stadium, Hyderabad",W L L W W,None,Clear,Loss
KKR,SRH,Away,W W W W L,None,Clear,Win
SRH,KKR,"Rajiv Gandhi Intl Stadium, Hyderabad",L L W W W,Top Batsman Out,Clear,Loss
RR,DC,Away,W L L W W,Star AllRounder Out,Clear,Win
DC,RR,"Arun Jaitley Stadium, Delhi",W W W L L,Key Bowler Out,Clear,Loss
PBKS,SRH,Away,L W W W L,None,Clear,Win
SRH,PBKS,"Rajiv Gandhi Intl Stadium, Hyderabad",W W W L L,None,Clear,Loss
DC,GT,"Arun Jaitley Stadium, Delhi",W W L L W,None,Drizzle,Win
GT,DC,Away,W W W L W,None,Drizzle,Loss
SRH,RCB,Away,W W W L L,2 Players Out,Clear,Win
RCB,SRH,"M Chinnaswamy Stadium, Bangalore",L W L W W,None,Clear,Loss
DC,RCB,Away,L W W L W,None,Hot & Dry,Loss
RCB,DC,"M Chinnaswamy Stadium, Bangalore",W L L W W,Star AllRounder Out,Hot & Dry,Win
RCB,KKR,Away,W L W W W,None,Clear,Win
KKR,RCB,"Eden Gardens, Kolkata",L L W W W,Top Batsman Out,Clear,Loss
GT,DC,"Narendra Modi Stadium, Ahmedabad",W W L L W,None,Clear,Win
DC,GT,Away,W W L L W,2 Players Out,Clear,Loss
CSK,RR,"MA Chidambaram Stadium, Chennai",L W W W L,None,Clear,Loss
RR,CSK,Away,L W W L W,None,Clear,Win
GT,SRH,Away,L W L W W,Star AllRounder Out,Clear,Loss
SRH,GT,"Rajiv Gandhi Intl Stadium, Hyderabad",L W L W W,Key Bowler Out,Clear,Win
DC,RR,Away,W W W L L,Top Batsman Out,Clear,Win
RR,DC,"Sawai Mansingh Stadium, Jaipur",L W W L W,None,Clear,Loss
MI,RCB,Away,L L W W W,None,Clear,Loss
RCB,MI,"M Chinnaswamy Stadium, Bangalore",W L W W W,None,Clear,Win
RCB,SRH,Away,L L W W W,None,Clear,Win
SRH,RCB,"Rajiv Gandhi Intl Stadium, Hyderabad",W W L L W,Wicketkeeper Out,Clear,Loss
GT,LSG,Away,L W W W L,2 Players Out,Cloudy,Loss
LSG,GT,"BRSABV Ekana Stadium, Lucknow",W W W L W,None,Cloudy,Win
LSG,GT,Away,W W W L W,None,Humid,Loss
GT,LSG,"Narendra Modi Stadium, Ahmedabad",L W W L W,None,Humid,Win
DC,MI,Away,W W W W L,None,Clear,Win
MI,DC,"Wankhede Stadium, Mumbai",W W W L L,Star AllRounder Out,Clear,Loss
SRH,PBKS,Away,L W W W L,None,Clear,Loss
PBKS,SRH,"IS Bindra Stadium, Mohali",L L W W W,None,Clear,Win
PBKS,DC,Away,W W L L W,Top Batsman Out,Clear,Loss
DC,PBKS,"Arun Jaitley Stadium, Delhi",L L W W W,None,Clear,Win
SRH,GT,Away,W L W W W,None,Clear,Loss
GT,SRH,"Narendra Modi Stadium, Ahmedabad",W L L W W,Star AllRounder Out,Clear,Win
DC,MI,"Arun Jaitley Stadium, Delhi",L W L W W,None,Clear,Win
MI,DC,Away,W W W L L,Top Batsman Out,Clear,Loss
KKR,DC,Away,L W L W W,None,Clear,Win
DC,KKR,"Arun Jaitley Stadium, Delhi",L W W L W,None,Clear,Loss
RCB,KKR,"M Chinnaswamy Stadium, Bangalore",W L L W W,2 Players Out,Clear,Win
KKR,RCB,Away,W W W W L,None,Clear,Loss
CSK,RR,Away,W W L L W,None,Clear,Loss
RR,CSK,"Sawai Mansingh Stadium, Jaipur",L W W W L,None,Clear,Win
PBKS,KKR,Away,L W L W W,Top Batsman Out,Clear,Win
KKR,PBKS,"Eden Gardens, Kolkata",L W L W W,None,Clear,Loss
CSK,MI,"MA Chidambaram Stadium, Chennai",W W W W L,None,Clear,Win
MI,CSK,Away,W W W L W,Key Bowler Out,Clear,Loss
CSK,GT,"MA Chidambaram Stadium, Chennai",W W L L W,None,Clear,Loss
GT,CSK,Away,W W W W L,None,Clear,Win
MI,SRH,"Wankhede Stadium, Mumbai",W L W W W,None,Clear,Loss
SRH,MI,Away,W W W L W,None,Clear,Win
LSG,KKR,Away,W L L W W,None,Clear,Loss
KKR,LSG,"Eden Gardens, Kolkata",W W W W L,None,Clear,Win
CSK,DC,"MA Chidambaram Stadium, Chennai",L W W W L,None,Clear,Win
DC,CSK,Away,W W L L W,None,Clear,Loss
PBKS,RCB,"IS Bindra Stadium, Mohali",L W L W W,None,Clear,Win
RCB,PBKS,Away,L L W W W,Wicketkeeper Out,Clear,Loss
PBKS,CSK,"IS Bindra Stadium, Mohali",W L W W W,None,Clear,Loss
CSK,PBKS,Away,L W L W W,Top Batsman Out,Clear,Win
RR,KKR,"Sawai Mansingh Stadium, Jaipur",W W W L W,Top Batsman Out,Clear,Loss
KKR,RR,Away,L L W W W,2 Players Out,Clear,Win
GT,KKR,Away,W L W W W,None,Clear,Loss
KKR,GT,"Eden Gardens, Kolkata",W W W L L,None,Clear,Win
PBKS,GT,Away,W W L L W,None,Clear,Win
GT,PBKS,"Narendra Modi Stadium, Ahmedabad",L W W L W,None,Clear,Loss
RCB,LSG,Away,L W W W L,Wicketkeeper Out,Humid,Loss
LSG,RCB,"BRSABV Ekana Stadium, Lucknow",W W W L W,None,Humid,Win
RCB,DC,"M Chinnaswamy Stadium, Bangalore",W W W L W,None,Hot & Dry,Win
DC,RCB,Away,W L W W W,None,Hot & Dry,Loss
PBKS,MI,"IS Bindra Stadium, Mohali",W L W W W,2 Players Out,Clear,Loss
MI,PBKS,Away,L L W W W,None,Clear,Win
SRH,RR,"Rajiv Gandhi Intl Stadium, Hyderabad",W L W W W,Star AllRounder Out,Cloudy,Loss
RR,SRH,Away,L W W W L,None,Cloudy,Win
RCB,LSG,"M Chinnaswamy Stadium, Bangalore",W L W W W,None,Partly Cloudy,Win
LSG,RCB,Away,W W W L W,Star AllRounder Out,Partly Cloudy,Loss
RCB,GT,Away,L W W L W,None,Clear,Loss
GT,RCB,"Narendra Modi Stadium, Ahmedabad",L L W W W,None,Clear,Win
RCB,KKR,"M Chinnaswamy Stadium, Bangalore",L W L W W,None,Clear,Loss
KKR,RCB,Away,L W L W W,None,Clear,Win
LSG,KKR,"BRSABV Ekana Stadium, Lucknow",L W W W L,Star AllRounder Out,Clear,Loss
KKR,LSG,Away,W W W L W,None,Clear,Win
GT,RR,Away,L W W W L,Top Batsman Out,Drizzle,Win
RR,GT,"Sawai Mansingh Stadium, Jaipur",L W W L W,None,Drizzle,Loss
KKR,RR,Away,W L W W W,None,Clear,Loss
RR,KKR,"Sawai Mansingh Stadium, Jaipur",L W L W W,None,Clear,Win
RCB,CSK,"M Chinnaswamy Stadium, Bangalore",W W W W L,Wicketkeeper Out,Clear,Loss
CSK,RCB,Away,W W W L L,None,Clear,Win
DC,RR,Away,L W L W W,Star AllRounder Out,Clear,Win
RR,DC,"Sawai Mansingh Stadium, Jaipur",L W W W L,Star AllRounder Out,Clear,Loss
KKR,MI,Away,W L L W W,None,Hot & Dry,Loss
MI,KKR,"Wankhede Stadium, Mumbai",L W W W L,None,Hot & Dry,Win
DC,RCB,Away,W W W L W,None,Clear,Loss
RCB,DC,"M Chinnaswamy Stadium, Bangalore",W W W L L,Wicketkeeper Out,Clear,Win
DC,PBKS,Away,W L L W W,None,Hot & Dry,Loss
PBKS,DC,"IS Bindra Stadium, Mohali",L W W L W,None,Hot & Dry,Win
RCB,PBKS,Away,W W W L W,Top Batsman Out,Clear,Win
PBKS,RCB,"IS Bindra Stadium, Mohali",W L W W W,Top Batsman Out,Clear,Loss
PBKS,SRH,"IS Bindra Stadium, Mohali",W L L W W,Key Bowler Out,Clear,Win
SRH,PBKS,Away,W W W W L,Star AllRounder Out,Clear,Loss
RR,RCB,Away,W W W W L,None,Clear,Win
RCB,RR,"M Chinnaswamy Stadium, Bangalore",W L L W W,None,Clear,Loss
RCB,GT,Away,W W W L L,Key Bowler Out,Clear,Win
GT,RCB,"Narendra Modi Stadium, Ahmedabad",W W W L L,None,Clear,Loss
KKR,RR,"Eden Gardens, Kolkata",L W L W W,None,Humid,Win
RR,KKR,Away,W L W W W,None,Humid,Loss
PBKS,LSG,"IS Bindra Stadium, Mohali",W L L W W,None,Clear,Loss
LSG,PBKS,Away,W W L L W,Key Bowler Out,Clear,Win
CSK,PBKS,Away,W L L W W,Wicketkeeper Out,Hot & Dry,Win
PBKS,CSK,"IS Bindra Stadium, Mohali",L W W L W,None,Hot & Dry,Loss
MI,CSK,Away,L W W L W,None,Clear,Win
CSK,MI,"MA Chidambaram Stadium, Chennai",W L L W W,Wicketkeeper Out,Clear,Loss
KKR,PBKS,Away,L W W L W,None,Clear,Loss
PBKS,KKR,"IS Bindra Stadium, Mohali",L W W L W,Key Bowler Out,Clear,Win
LSG,DC,Away,L W L W W,None,Partly Cloudy,Win
DC,LSG,"Arun Jaitley Stadium, Delhi",W W W W L,None,Partly Cloudy,Loss
LSG,MI,Away,W W W L L,None,Humid,Win
MI,LSG,"Wankhede Stadium, Mumbai",W W W W L,None,Humid,Loss
DC,SRH,Away,L W W W L,Wicketkeeper Out,Clear,Win
SRH,DC,"Rajiv Gandhi Intl Stadium, Hyderabad",L W W W L,Wicketkeeper Out,Clear,Loss
RCB,MI,Away,L W W L W,2 Players Out,Clear,Loss
MI,RCB,"Wankhede Stadium, Mumbai",L W W L W,None,Clear,Win
LSG,CSK,"BRSABV Ekana Stadium, Lucknow",W W W L W,None,Clear,Win
CSK,LSG,Away,L W L W W,None,Clear,Loss
SRH,KKR,Away,L L W W W,Star AllRounder Out,Cloudy,Win
KKR,SRH,"Eden Gardens, Kolkata",L W W W L,None,Cloudy,Loss
MI,CSK,Away,W L L W W,None,Clear,Loss
CSK,MI,"MA Chidambaram Stadium, Chennai",W L W W W,Star AllRounder Out,Clear,Win
DC,MI,Away,W W W L W,Top Batsman Out,Clear,Win
MI,DC,"Wankhede Stadium, Mumbai",L W L W W,Top Batsman Out,Clear,Loss
CSK,SRH,"MA Chidambaram Stadium, Chennai",L W W L W,Star AllRounder Out,Drizzle,Win
SRH,CSK,Away,W L L W W,None,Drizzle,Loss
DC,SRH,Away,L W W W L,None,Clear,Win
SRH,DC,"Rajiv Gandhi Intl Stadium, Hyderabad",W L W W W,None,Clear,Loss
LSG,CSK,Away,L L W W W,None,Clear,Loss
CSK,LSG,"MA Chidambaram Stadium, Chennai",W W W L L,None,Clear,Win
CSK,RCB,Away,L W W W L,None,Clear,Win
RCB,CSK,"M Chinnaswamy Stadium, Bangalore",W W W L W,None,Clear,Loss
GT,SRH,Away,L W W L W,Key Bowler Out,Clear,Win
SRH,GT,"Rajiv Gandhi Intl Stadium, Hyderabad",W W W L L,None,Clear,Loss
KKR,MI,"Eden Gardens, Kolkata",W W W L L,Top Batsman Out,Clear,Win
MI,KKR,Away,L W W W L,Wicketkeeper Out,Clear,Loss
RCB,DC,"M Chinnaswamy Stadium, Bangalore",W W W W L,Key Bowler Out,Humid,Loss
DC,RCB,Away,W W W W L,None,Humid,Win
MI,CSK,"Wankhede Stadium, Mumbai",W W W W L,None,Clear,Win
CSK,MI,Away,W L L W W,None,Clear,Loss
RCB,LSG,"M Chinnaswamy Stadium, Bangalore",L W L W W,Wicketkeeper Out,Cloudy,Win
LSG,RCB,Away,L L W W W,None,Cloudy,Loss
MI,RCB,Away,W L L W W,None,Humid,Loss
RCB,MI,"M Chinnaswamy Stadium, Bangalore",W W W L W,None,Humid,Win
MI,PBKS,"Wankhede Stadium, Mumbai",L W W W L,Wicketkeeper Out,Clear,Win
PBKS,MI,Away,W W W L L,None,Clear,Loss
DC,LSG,"Arun Jaitley Stadium, Delhi",W W L L W,Star AllRounder Out,Clear,Win
LSG,DC,Away,W W W L L,None,Clear,Loss
KKR,CSK,Away,W W W W L,None,Clear,Win
CSK,KKR,"MA Chidambaram Stadium, Chennai",W W W L W,None,Clear,Loss
SRH,MI,"Rajiv Gandhi Intl Stadium, Hyderabad",L W W L W,None,Clear,Loss
MI,SRH,Away,W W L L W,None,Clear,Win
RR,LSG,Away,W W W W L,Top Batsman Out,Clear,Win
LSG,RR,"BRSABV Ekana Stadium, Lucknow",W W W L W,2 Players Out,Clear,Loss
GT,PBKS,"Narendra Modi Stadium, Ahmedabad",W L W W W,None,Clear,Loss
PBKS,GT,Away,W W W W L,Wicketkeeper Out,Clear,Win
SRH,PBKS,Away,W L L W W,Top Batsman Out,Clear,Loss
PBKS,SRH,"IS Bindra Stadium, Mohali",L W L W W,Star AllRounder Out,Clear,Win
KKR,MI,"Eden Gardens, Kolkata",L W W W L,None,Cloudy,Win
MI,KKR,Away,L W L W W,None,Cloudy,Loss
SRH,RCB,"Rajiv Gandhi Intl Stadium, Hyderabad",W W W L L,None,Clear,Win
RCB,SRH,Away,W W W L L,None,Clear,Loss
GT,LSG,"Narendra Modi Stadium, Ahmedabad",L L W W W,None,Drizzle,Win
LSG,GT,Away,W W L L W,None,Drizzle,Loss
LSG,MI,"BRSABV Ekana Stadium, Lucknow",L W W W L,None,Clear,Win
MI,LSG,Away,L W W W L,None,Clear,Loss
PBKS,KKR,"IS Bindra Stadium, Mohali",W W W L L,2 Players Out,Clear,Loss
KKR,PBKS,Away,W L L W W,Wicketkeeper Out,Clear,Win
PBKS,SRH,"IS Bindra Stadium, Mohali",W W L L W,None,Drizzle,Win
SRH,PBKS,Away,L W W L W,Key Bowler Out,Drizzle,Loss
DC,PBKS,Away,L W W L W,None,Clear,Loss
PBKS,DC,"IS Bindra Stadium, Mohali",W L W W W,None,Clear,Win
RR,RCB,Away,L W W L W,None,Drizzle,Loss
RCB,RR,"M Chinnaswamy Stadium, Bangalore",L W W W L,None,Drizzle,Win
LSG,KKR,"BRSABV Ekana Stadium, Lucknow",W W W W L,None,Clear,Loss
KKR,LSG,Away,W W L L W,None,Clear,Win
RCB,KKR,Away,W L L W W,None,Cloudy,Loss
KKR,RCB,"Eden Gardens, Kolkata",W L L W W,Key Bowler Out,Cloudy,Win
MI,PBKS,"Wankhede Stadium, Mumbai",L W W L W,Star AllRounder Out,Partly Cloudy,Win
PBKS,MI,Away,W L W W W,None,Partly Cloudy,Loss
SRH,PBKS,"Rajiv Gandhi Intl Stadium, Hyderabad",W W W L W,2 Players Out,Clear,Win
PBKS,SRH,Away,W W W L L,None,Clear,Loss
CSK,MI,Away,W W W L L,None,Partly Cloudy,Loss
MI,CSK,"Wankhede Stadium, Mumbai",W W W L L,2 Players Out,Partly Cloudy,Win
LSG,DC,Away,L W W W L,Wicketkeeper Out,Clear,Loss
DC,LSG,"Arun Jaitley Stadium, Delhi",W L L W W,Wicketkeeper Out,Clear,Win
RCB,MI,"M Chinnaswamy Stadium, Bangalore",W W L L W,2 Players Out,Clear,Win
MI,RCB,Away,L W W L W,None,Clear,Loss
RR,KKR,"Sawai Mansingh Stadium, Jaipur",L W W L W,2 Players Out,Partly Cloudy,Loss
KKR,RR,Away,L W W L W,Star AllRounder Out,Partly Cloudy,Win
RCB,CSK,"M Chinnaswamy Stadium, Bangalore",W L L W W,None,Drizzle,Win
CSK,RCB,Away,W W L L W,None,Drizzle,Loss
CSK,DC,Away,L W L W W,None,Clear,Win
DC,CSK,"Arun Jaitley Stadium, Delhi",W L L W W,None,Clear,Loss
RCB,PBKS,Away,L L W W W,Wicketkeeper Out,Clear,Loss
PBKS,RCB,"IS Bindra Stadium, Mohali",L W W L W,None,Clear,Win
LSG,RCB,"BRSABV Ekana Stadium, Lucknow",W W W L L,Top Batsman Out,Clear,Loss
RCB,LSG,Away,L L W W W,None,Clear,Win
RCB,GT,Away,W L L W W,None,Partly Cloudy,Loss
GT,RCB,"Narendra Modi Stadium, Ahmedabad",L W W L W,Wicketkeeper Out,Partly Cloudy,Win
KKR,DC,"Eden Gardens, Kolkata",W W W L L,None,Clear,Win
DC,KKR,Away,L L W W W,None,Clear,Loss
RCB,PBKS,"M Chinnaswamy Stadium, Bangalore",L W L W W,None,Hot & Dry,Loss
PBKS,RCB,Away,W W W W L,None,Hot & Dry,Win
RR,DC,"Sawai Mansingh Stadium, Jaipur",L W L W W,None,Partly Cloudy,Win
DC,RR,Away,W W W L W,None,Partly Cloudy,Loss
KKR,MI,"Eden Gardens, Kolkata",L W W L W,None,Clear,Win
MI,KKR,Away,L W W W L,None,Clear,Loss
MI,LSG,"Wankhede Stadium, Mumbai",L L W W W,None,Hot & Dry,Loss
LSG,MI,Away,W L W W W,None,Hot & Dry,Win
KKR,DC,Away,L W W L W,None,Clear,Loss
DC,KKR,"Arun Jaitley Stadium, Delhi",L W W W L,None,Clear,Win
KKR,RCB,Away,L W W L W,None,Clear,Loss
RCB,KKR,"M Chinnaswamy Stadium, Bangalore",L W W L W,None,Clear,Win
KKR,PBKS,"Eden Gardens, Kolkata",W W L L W,Star AllRounder Out,Clear,Loss
PBKS,KKR,Away,W W W L L,None,Clear,Win
KKR,PBKS,"Eden Gardens, Kolkata",W L L W W,None,Clear,Win
PBKS,KKR,Away,L W W L W,None,Clear,Loss
PBKS,RR,"IS Bindra Stadium, Mohali",L W W L W,Star AllRounder Out,Clear,Loss
RR,PBKS,Away,W W W L L,None,Clear,Win
RCB,CSK,Away,W W L L W,None,Clear,Loss
CSK,RCB,"MA Chidambaram Stadium, Chennai",W L L W W,None,Clear,Win
GT,PBKS,Away,L W W W L,None,Clear,Win
PBKS,GT,"IS Bindra Stadium, Mohali",L L W W W,None,Clear,Loss
SRH,MI,Away,L L W W W,None,Clear,Win
MI,SRH,"Wankhede Stadium, Mumbai",W W L L W,None,Clear,Loss
MI,CSK,Away,W W L L W,Top Batsman Out,Clear,Win
CSK,MI,"MA Chidambaram Stadium, Chennai",W W W W L,Key Bowler Out,Clear,Loss
LSG,SRH,Away,W W W L L,None,Clear,Loss
SRH,LSG,"Rajiv Gandhi Intl Stadium, Hyderabad",L W L W W,Key Bowler Out,Clear,Win
DC,LSG,Away,L W W W L,Wicketkeeper Out,Hot & Dry,Loss
LSG,DC,"BRSABV Ekana Stadium, Lucknow",W W W W L,Wicketkeeper Out,Hot & Dry,Win
SRH,RCB,Away,L W W W L,None,Clear,Win
RCB,SRH,"M Chinnaswamy Stadium, Bangalore",W L W W W,None,Clear,Loss
PBKS,DC,Away,W W W W L,None,Clear,Win
DC,PBKS,"Arun Jaitley Stadium, Delhi",W W W L L,None,Clear,Loss
LSG,CSK,"BRSABV Ekana Stadium, Lucknow",L W W W L,None,Clear,Win
CSK,LSG,Away,W L L W W,None,Clear,Loss
PBKS,SRH,"IS Bindra Stadium, Mohali",W W W W L,None,Clear,Loss
SRH,PBKS,Away,W L W W W,None,Clear,Win
GT,MI,Away,L W W L W,None,Clear,Loss
MI,GT,"Wankhede Stadium, Mumbai",W W W L W,Star AllRounder Out,Clear,Win
RR,CSK,"Sawai Mansingh Stadium, Jaipur",W W W L L,None,Clear,Win
CSK,RR,Away,L L W W W,None,Clear,Loss
